--
-- PostgreSQL database dump
--

-- Dumped from database version 14.17 (Homebrew)
-- Dumped by pg_dump version 14.17 (Homebrew)

SET statement_timeout = 0;
SET lock_timeout = 0;
SET idle_in_transaction_session_timeout = 0;
SET client_encoding = 'UTF8';
SET standard_conforming_strings = on;
SELECT pg_catalog.set_config('search_path', '', false);
SET check_function_bodies = false;
SET xmloption = content;
SET client_min_messages = warning;
SET row_security = off;

SET default_tablespace = '';

SET default_table_access_method = heap;

--
-- Name: auth_group; Type: TABLE; Schema: public; Owner: harsha
--

CREATE TABLE public.auth_group (
    id integer NOT NULL,
    name character varying(150) NOT NULL
);


ALTER TABLE public.auth_group OWNER TO harsha;

--
-- Name: auth_group_id_seq; Type: SEQUENCE; Schema: public; Owner: harsha
--

ALTER TABLE public.auth_group ALTER COLUMN id ADD GENERATED BY DEFAULT AS IDENTITY (
    SEQUENCE NAME public.auth_group_id_seq
    START WITH 1
    INCREMENT BY 1
    NO MINVALUE
    NO MAXVALUE
    CACHE 1
);


--
-- Name: auth_group_permissions; Type: TABLE; Schema: public; Owner: harsha
--

CREATE TABLE public.auth_group_permissions (
    id bigint NOT NULL,
    group_id integer NOT NULL,
    permission_id integer NOT NULL
);


ALTER TABLE public.auth_group_permissions OWNER TO harsha;

--
-- Name: auth_group_permissions_id_seq; Type: SEQUENCE; Schema: public; Owner: harsha
--

ALTER TABLE public.auth_group_permissions ALTER COLUMN id ADD GENERATED BY DEFAULT AS IDENTITY (
    SEQUENCE NAME public.auth_group_permissions_id_seq
    START WITH 1
    INCREMENT BY 1
    NO MINVALUE
    NO MAXVALUE
    CACHE 1
);


--
-- Name: auth_permission; Type: TABLE; Schema: public; Owner: harsha
--

CREATE TABLE public.auth_permission (
    id integer NOT NULL,
    name character varying(255) NOT NULL,
    content_type_id integer NOT NULL,
    codename character varying(100) NOT NULL
);


ALTER TABLE public.auth_permission OWNER TO harsha;

--
-- Name: auth_permission_id_seq; Type: SEQUENCE; Schema: public; Owner: harsha
--

ALTER TABLE public.auth_permission ALTER COLUMN id ADD GENERATED BY DEFAULT AS IDENTITY (
    SEQUENCE NAME public.auth_permission_id_seq
    START WITH 1
    INCREMENT BY 1
    NO MINVALUE
    NO MAXVALUE
    CACHE 1
);


--
-- Name: django_admin_log; Type: TABLE; Schema: public; Owner: harsha
--

CREATE TABLE public.django_admin_log (
    id integer NOT NULL,
    action_time timestamp with time zone NOT NULL,
    object_id text,
    object_repr character varying(200) NOT NULL,
    action_flag smallint NOT NULL,
    change_message text NOT NULL,
    content_type_id integer,
    user_id bigint NOT NULL,
    CONSTRAINT django_admin_log_action_flag_check CHECK ((action_flag >= 0))
);


ALTER TABLE public.django_admin_log OWNER TO harsha;

--
-- Name: django_admin_log_id_seq; Type: SEQUENCE; Schema: public; Owner: harsha
--

ALTER TABLE public.django_admin_log ALTER COLUMN id ADD GENERATED BY DEFAULT AS IDENTITY (
    SEQUENCE NAME public.django_admin_log_id_seq
    START WITH 1
    INCREMENT BY 1
    NO MINVALUE
    NO MAXVALUE
    CACHE 1
);


--
-- Name: django_content_type; Type: TABLE; Schema: public; Owner: harsha
--

CREATE TABLE public.django_content_type (
    id integer NOT NULL,
    app_label character varying(100) NOT NULL,
    model character varying(100) NOT NULL
);


ALTER TABLE public.django_content_type OWNER TO harsha;

--
-- Name: django_content_type_id_seq; Type: SEQUENCE; Schema: public; Owner: harsha
--

ALTER TABLE public.django_content_type ALTER COLUMN id ADD GENERATED BY DEFAULT AS IDENTITY (
    SEQUENCE NAME public.django_content_type_id_seq
    START WITH 1
    INCREMENT BY 1
    NO MINVALUE
    NO MAXVALUE
    CACHE 1
);


--
-- Name: django_migrations; Type: TABLE; Schema: public; Owner: harsha
--

CREATE TABLE public.django_migrations (
    id bigint NOT NULL,
    app character varying(255) NOT NULL,
    name character varying(255) NOT NULL,
    applied timestamp with time zone NOT NULL
);


ALTER TABLE public.django_migrations OWNER TO harsha;

--
-- Name: django_migrations_id_seq; Type: SEQUENCE; Schema: public; Owner: harsha
--

ALTER TABLE public.django_migrations ALTER COLUMN id ADD GENERATED BY DEFAULT AS IDENTITY (
    SEQUENCE NAME public.django_migrations_id_seq
    START WITH 1
    INCREMENT BY 1
    NO MINVALUE
    NO MAXVALUE
    CACHE 1
);


--
-- Name: django_session; Type: TABLE; Schema: public; Owner: harsha
--

CREATE TABLE public.django_session (
    session_key character varying(40) NOT NULL,
    session_data text NOT NULL,
    expire_date timestamp with time zone NOT NULL
);


ALTER TABLE public.django_session OWNER TO harsha;

--
-- Name: google_trends_7d; Type: TABLE; Schema: public; Owner: harsha
--

CREATE TABLE public.google_trends_7d (
    id integer NOT NULL,
    topic text NOT NULL,
    volume text NOT NULL,
    start_time text NOT NULL,
    scraped_date date DEFAULT CURRENT_DATE NOT NULL,
    created_at timestamp without time zone DEFAULT CURRENT_TIMESTAMP,
    summary text
);


ALTER TABLE public.google_trends_7d OWNER TO harsha;

--
-- Name: google_trends_7d_id_seq; Type: SEQUENCE; Schema: public; Owner: harsha
--

CREATE SEQUENCE public.google_trends_7d_id_seq
    AS integer
    START WITH 1
    INCREMENT BY 1
    NO MINVALUE
    NO MAXVALUE
    CACHE 1;


ALTER TABLE public.google_trends_7d_id_seq OWNER TO harsha;

--
-- Name: google_trends_7d_id_seq; Type: SEQUENCE OWNED BY; Schema: public; Owner: harsha
--

ALTER SEQUENCE public.google_trends_7d_id_seq OWNED BY public.google_trends_7d.id;


--
-- Name: google_trends_now; Type: TABLE; Schema: public; Owner: harsha
--

CREATE TABLE public.google_trends_now (
    id integer NOT NULL,
    topic text NOT NULL,
    volume text NOT NULL,
    start_time text NOT NULL,
    scraped_date date DEFAULT CURRENT_DATE NOT NULL,
    created_at timestamp without time zone DEFAULT CURRENT_TIMESTAMP,
    summary text
);


ALTER TABLE public.google_trends_now OWNER TO harsha;

--
-- Name: google_trends_now_id_seq; Type: SEQUENCE; Schema: public; Owner: harsha
--

CREATE SEQUENCE public.google_trends_now_id_seq
    AS integer
    START WITH 1
    INCREMENT BY 1
    NO MINVALUE
    NO MAXVALUE
    CACHE 1;


ALTER TABLE public.google_trends_now_id_seq OWNER TO harsha;

--
-- Name: google_trends_now_id_seq; Type: SEQUENCE OWNED BY; Schema: public; Owner: harsha
--

ALTER SEQUENCE public.google_trends_now_id_seq OWNED BY public.google_trends_now.id;


--
-- Name: manage_cust_customer; Type: TABLE; Schema: public; Owner: harsha
--

CREATE TABLE public.manage_cust_customer (
    id bigint NOT NULL,
    name character varying(120) NOT NULL,
    phone character varying(30) NOT NULL,
    email character varying(254) NOT NULL
);


ALTER TABLE public.manage_cust_customer OWNER TO harsha;

--
-- Name: manage_cust_customer_id_seq; Type: SEQUENCE; Schema: public; Owner: harsha
--

ALTER TABLE public.manage_cust_customer ALTER COLUMN id ADD GENERATED BY DEFAULT AS IDENTITY (
    SEQUENCE NAME public.manage_cust_customer_id_seq
    START WITH 1
    INCREMENT BY 1
    NO MINVALUE
    NO MAXVALUE
    CACHE 1
);


--
-- Name: manage_cust_customerupload; Type: TABLE; Schema: public; Owner: harsha
--

CREATE TABLE public.manage_cust_customerupload (
    id bigint NOT NULL,
    file character varying(100) NOT NULL,
    uploaded_at timestamp with time zone NOT NULL
);


ALTER TABLE public.manage_cust_customerupload OWNER TO harsha;

--
-- Name: manage_cust_customerupload_id_seq; Type: SEQUENCE; Schema: public; Owner: harsha
--

ALTER TABLE public.manage_cust_customerupload ALTER COLUMN id ADD GENERATED BY DEFAULT AS IDENTITY (
    SEQUENCE NAME public.manage_cust_customerupload_id_seq
    START WITH 1
    INCREMENT BY 1
    NO MINVALUE
    NO MAXVALUE
    CACHE 1
);


--
-- Name: manage_cust_sentemail; Type: TABLE; Schema: public; Owner: harsha
--

CREATE TABLE public.manage_cust_sentemail (
    id bigint NOT NULL,
    email_address character varying(254) NOT NULL,
    success boolean NOT NULL,
    error_message text NOT NULL,
    sent_at timestamp with time zone NOT NULL,
    ad_request_id bigint NOT NULL,
    customer_id bigint
);


ALTER TABLE public.manage_cust_sentemail OWNER TO harsha;

--
-- Name: manage_cust_sentemail_id_seq; Type: SEQUENCE; Schema: public; Owner: harsha
--

ALTER TABLE public.manage_cust_sentemail ALTER COLUMN id ADD GENERATED BY DEFAULT AS IDENTITY (
    SEQUENCE NAME public.manage_cust_sentemail_id_seq
    START WITH 1
    INCREMENT BY 1
    NO MINVALUE
    NO MAXVALUE
    CACHE 1
);


--
-- Name: user_auth_adrequest; Type: TABLE; Schema: public; Owner: harsha
--

CREATE TABLE public.user_auth_adrequest (
    id bigint NOT NULL,
    product character varying(255) NOT NULL,
    description text NOT NULL,
    remarks text,
    tone character varying(50) NOT NULL,
    scope character varying(50) NOT NULL,
    csv_file character varying(100),
    include_hashtags boolean NOT NULL,
    company_name character varying(255),
    chosen_ad text
);


ALTER TABLE public.user_auth_adrequest OWNER TO harsha;

--
-- Name: user_auth_adrequest_id_seq; Type: SEQUENCE; Schema: public; Owner: harsha
--

ALTER TABLE public.user_auth_adrequest ALTER COLUMN id ADD GENERATED BY DEFAULT AS IDENTITY (
    SEQUENCE NAME public.user_auth_adrequest_id_seq
    START WITH 1
    INCREMENT BY 1
    NO MINVALUE
    NO MAXVALUE
    CACHE 1
);


--
-- Name: user_auth_customuser; Type: TABLE; Schema: public; Owner: harsha
--

CREATE TABLE public.user_auth_customuser (
    id bigint NOT NULL,
    password character varying(128) NOT NULL,
    last_login timestamp with time zone,
    is_superuser boolean NOT NULL,
    first_name character varying(50) NOT NULL,
    last_name character varying(50) NOT NULL,
    is_staff boolean NOT NULL,
    is_active boolean NOT NULL,
    date_joined timestamp with time zone NOT NULL,
    email character varying(254) NOT NULL
);


ALTER TABLE public.user_auth_customuser OWNER TO harsha;

--
-- Name: user_auth_customuser_groups; Type: TABLE; Schema: public; Owner: harsha
--

CREATE TABLE public.user_auth_customuser_groups (
    id bigint NOT NULL,
    customuser_id bigint NOT NULL,
    group_id integer NOT NULL
);


ALTER TABLE public.user_auth_customuser_groups OWNER TO harsha;

--
-- Name: user_auth_customuser_groups_id_seq; Type: SEQUENCE; Schema: public; Owner: harsha
--

ALTER TABLE public.user_auth_customuser_groups ALTER COLUMN id ADD GENERATED BY DEFAULT AS IDENTITY (
    SEQUENCE NAME public.user_auth_customuser_groups_id_seq
    START WITH 1
    INCREMENT BY 1
    NO MINVALUE
    NO MAXVALUE
    CACHE 1
);


--
-- Name: user_auth_customuser_id_seq; Type: SEQUENCE; Schema: public; Owner: harsha
--

ALTER TABLE public.user_auth_customuser ALTER COLUMN id ADD GENERATED BY DEFAULT AS IDENTITY (
    SEQUENCE NAME public.user_auth_customuser_id_seq
    START WITH 1
    INCREMENT BY 1
    NO MINVALUE
    NO MAXVALUE
    CACHE 1
);


--
-- Name: user_auth_customuser_user_permissions; Type: TABLE; Schema: public; Owner: harsha
--

CREATE TABLE public.user_auth_customuser_user_permissions (
    id bigint NOT NULL,
    customuser_id bigint NOT NULL,
    permission_id integer NOT NULL
);


ALTER TABLE public.user_auth_customuser_user_permissions OWNER TO harsha;

--
-- Name: user_auth_customuser_user_permissions_id_seq; Type: SEQUENCE; Schema: public; Owner: harsha
--

ALTER TABLE public.user_auth_customuser_user_permissions ALTER COLUMN id ADD GENERATED BY DEFAULT AS IDENTITY (
    SEQUENCE NAME public.user_auth_customuser_user_permissions_id_seq
    START WITH 1
    INCREMENT BY 1
    NO MINVALUE
    NO MAXVALUE
    CACHE 1
);


--
-- Name: google_trends_7d id; Type: DEFAULT; Schema: public; Owner: harsha
--

ALTER TABLE ONLY public.google_trends_7d ALTER COLUMN id SET DEFAULT nextval('public.google_trends_7d_id_seq'::regclass);


--
-- Name: google_trends_now id; Type: DEFAULT; Schema: public; Owner: harsha
--

ALTER TABLE ONLY public.google_trends_now ALTER COLUMN id SET DEFAULT nextval('public.google_trends_now_id_seq'::regclass);


--
-- Data for Name: auth_group; Type: TABLE DATA; Schema: public; Owner: harsha
--

COPY public.auth_group (id, name) FROM stdin;
\.


--
-- Data for Name: auth_group_permissions; Type: TABLE DATA; Schema: public; Owner: harsha
--

COPY public.auth_group_permissions (id, group_id, permission_id) FROM stdin;
\.


--
-- Data for Name: auth_permission; Type: TABLE DATA; Schema: public; Owner: harsha
--

COPY public.auth_permission (id, name, content_type_id, codename) FROM stdin;
1	Can add log entry	1	add_logentry
2	Can change log entry	1	change_logentry
3	Can delete log entry	1	delete_logentry
4	Can view log entry	1	view_logentry
5	Can add permission	2	add_permission
6	Can change permission	2	change_permission
7	Can delete permission	2	delete_permission
8	Can view permission	2	view_permission
9	Can add group	3	add_group
10	Can change group	3	change_group
11	Can delete group	3	delete_group
12	Can view group	3	view_group
13	Can add content type	4	add_contenttype
14	Can change content type	4	change_contenttype
15	Can delete content type	4	delete_contenttype
16	Can view content type	4	view_contenttype
17	Can add session	5	add_session
18	Can change session	5	change_session
19	Can delete session	5	delete_session
20	Can view session	5	view_session
21	Can add custom user	6	add_customuser
22	Can change custom user	6	change_customuser
23	Can delete custom user	6	delete_customuser
24	Can view custom user	6	view_customuser
25	Can add ad request	7	add_adrequest
26	Can change ad request	7	change_adrequest
27	Can delete ad request	7	delete_adrequest
28	Can view ad request	7	view_adrequest
29	Can add customer	8	add_customer
30	Can change customer	8	change_customer
31	Can delete customer	8	delete_customer
32	Can view customer	8	view_customer
33	Can add customer upload	9	add_customerupload
34	Can change customer upload	9	change_customerupload
35	Can delete customer upload	9	delete_customerupload
36	Can view customer upload	9	view_customerupload
37	Can add sent email	10	add_sentemail
38	Can change sent email	10	change_sentemail
39	Can delete sent email	10	delete_sentemail
40	Can view sent email	10	view_sentemail
\.


--
-- Data for Name: django_admin_log; Type: TABLE DATA; Schema: public; Owner: harsha
--

COPY public.django_admin_log (id, action_time, object_id, object_repr, action_flag, change_message, content_type_id, user_id) FROM stdin;
\.


--
-- Data for Name: django_content_type; Type: TABLE DATA; Schema: public; Owner: harsha
--

COPY public.django_content_type (id, app_label, model) FROM stdin;
1	admin	logentry
2	auth	permission
3	auth	group
4	contenttypes	contenttype
5	sessions	session
6	user_auth	customuser
7	user_auth	adrequest
8	manage_cust	customer
9	manage_cust	customerupload
10	manage_cust	sentemail
\.


--
-- Data for Name: django_migrations; Type: TABLE DATA; Schema: public; Owner: harsha
--

COPY public.django_migrations (id, app, name, applied) FROM stdin;
1	contenttypes	0001_initial	2025-04-28 11:36:12.847691+05:30
2	contenttypes	0002_remove_content_type_name	2025-04-28 11:36:12.851478+05:30
3	auth	0001_initial	2025-04-28 11:36:12.876893+05:30
4	auth	0002_alter_permission_name_max_length	2025-04-28 11:36:12.879238+05:30
5	auth	0003_alter_user_email_max_length	2025-04-28 11:36:12.880766+05:30
6	auth	0004_alter_user_username_opts	2025-04-28 11:36:12.882764+05:30
7	auth	0005_alter_user_last_login_null	2025-04-28 11:36:12.88458+05:30
8	auth	0006_require_contenttypes_0002	2025-04-28 11:36:12.885138+05:30
9	auth	0007_alter_validators_add_error_messages	2025-04-28 11:36:12.886694+05:30
10	auth	0008_alter_user_username_max_length	2025-04-28 11:36:12.888292+05:30
11	auth	0009_alter_user_last_name_max_length	2025-04-28 11:36:12.890141+05:30
12	auth	0010_alter_group_name_max_length	2025-04-28 11:36:12.894186+05:30
13	auth	0011_update_proxy_permissions	2025-04-28 11:36:12.895859+05:30
14	auth	0012_alter_user_first_name_max_length	2025-04-28 11:36:12.897434+05:30
15	user_auth	0001_initial	2025-04-28 11:36:12.91869+05:30
16	admin	0001_initial	2025-04-28 11:36:12.930527+05:30
17	admin	0002_logentry_remove_auto_add	2025-04-28 11:36:12.933676+05:30
18	admin	0003_logentry_add_action_flag_choices	2025-04-28 11:36:12.936134+05:30
19	sessions	0001_initial	2025-04-28 11:36:12.941389+05:30
20	user_auth	0002_alter_customuser_options_and_more	2025-04-28 11:36:12.964884+05:30
21	user_auth	0003_alter_customuser_date_joined	2025-04-28 11:36:12.969011+05:30
22	user_auth	0004_adrequest	2025-04-28 11:36:12.97526+05:30
23	manage_cust	0001_initial	2025-05-03 18:33:01.058342+05:30
24	user_auth	0002_add_chosen_ad_field	2025-05-03 18:49:42.005235+05:30
\.


--
-- Data for Name: django_session; Type: TABLE DATA; Schema: public; Owner: harsha
--

COPY public.django_session (session_key, session_data, expire_date) FROM stdin;
g4mh65v993oluq6r468qqk3f9jl75605	.eJxVjDsOwyAQBe9CHSEMGLDL9D4DWtglJh8sgV1FuXtsyUXSvpk3b-ZhW2e_Nao-IxtZxy6_W4D4oHIAvEO5LTwuZa058EPhJ218WpCe19P9C8zQ5v1NYpAmKDS9DIPVCpKx4HRyEK2NRikdRVI9dIaMc1okoSJ2UpNGiejkHs3NA75yYeNaN_p8AXS-PSQ:1uBGCQ:DMlu8OxOyd1yLC7PegmhH1FDigniAc5cgiWc46jr-1o	2025-05-17 22:28:50.238859+05:30
\.


--
-- Data for Name: google_trends_7d; Type: TABLE DATA; Schema: public; Owner: harsha
--

COPY public.google_trends_7d (id, topic, volume, start_time, scraped_date, created_at, summary) FROM stdin;
1	srh vs gt	2M+	2 days ago	2025-04-07	2025-04-07 12:14:24.480763	\N
2	dc vs csk	5M+	2 days ago	2025-04-07	2025-04-07 12:14:24.480763	\N
3	rr vs pbks	2M+	2 days ago	2025-04-07	2025-04-07 12:14:24.480763	\N
4	lsg vs mi	2M+	4 days ago	2025-04-07	2025-04-07 12:14:24.480763	\N
5	kkr vs srh	5M+	5 days ago	2025-04-07	2025-04-07 12:14:24.480763	\N
6	ashwani kumar	1M+	6 days ago	2025-04-07	2025-04-07 12:14:24.480763	\N
7	manoj kumar	500K+	3 days ago	2025-04-07	2025-04-07 12:14:24.480763	\N
8	waqf bill	500K+	6 days ago	2025-04-07	2025-04-07 12:14:24.480763	\N
9	washington sundar	500K+	17 hours ago	2025-04-07	2025-04-07 12:14:24.480763	\N
10	nifty 50	1M+	3 hours ago	2025-04-07	2025-04-07 12:14:24.480763	\N
11	mi vs lsg	500K+	4 days ago	2025-04-07	2025-04-07 12:14:24.480763	\N
12	gold price today	500K+	2 days ago	2025-04-07	2025-04-07 12:14:24.480763	\N
13	gold rate today	500K+	3 days ago	2025-04-07	2025-04-07 12:14:24.480763	\N
14	test movie	200K+	3 days ago	2025-04-07	2025-04-07 12:14:24.480763	\N
15	barcelona vs real betis	200K+	yesterday	2025-04-07	2025-04-07 12:14:24.480763	\N
16	waqf amendment bill 2025	500K+	5 days ago	2025-04-07	2025-04-07 12:14:24.480763	\N
17	man united vs man city	100K+	16 hours ago	2025-04-07	2025-04-07 12:14:24.480763	\N
18	acp pradyuman	200K+	3 days ago	2025-04-07	2025-04-07 12:14:24.480763	\N
19	fulham vs liverpool	100K+	18 hours ago	2025-04-07	2025-04-07 12:14:24.480763	\N
20	real madrid vs valencia	200K+	yesterday	2025-04-07	2025-04-07 12:14:24.480763	\N
21	goa vs bengaluru	200K+	17 hours ago	2025-04-07	2025-04-07 12:14:24.480763	\N
22	sevilla vs atlético madrid	50K+	17 hours ago	2025-04-07	2025-04-07 12:14:24.480763	\N
23	minecraft movie	100K+	4 days ago	2025-04-07	2025-04-07 12:14:24.480763	\N
24	kea	50K+	24 hours ago	2025-04-07	2025-04-07 12:14:24.480763	\N
25	inter miami vs toronto	50K+	8 hours ago	2025-04-07	2025-04-07 12:14:24.480763	\N
26	dc vs rcb	5M+	yesterday	2025-04-28	2025-04-28 15:28:16.011886	Error during summarization: 'str' object has no attribute 'chat'
27	csk vs srh	5M+	5 days ago	2025-04-28	2025-04-28 15:28:16.011886	Error during summarization: 'str' object has no attribute 'chat'
28	mi vs lsg	5M+	yesterday	2025-04-28	2025-04-28 15:28:16.011886	Error during summarization: 'str' object has no attribute 'chat'
29	pahalgam	2M+	6 days ago	2025-04-28	2025-04-28 15:28:16.011886	Error during summarization: 'str' object has no attribute 'chat'
30	pahalgam attack	500K+	5 days ago	2025-04-28	2025-04-28 15:28:16.011886	Error during summarization: 'str' object has no attribute 'chat'
31	pakistan	1M+	5 days ago	2025-04-28	2025-04-28 15:28:16.011886	Error during summarization: 'str' object has no attribute 'chat'
32	sri lanka women vs india women	500K+	yesterday	2025-04-28	2025-04-28 15:28:16.011886	Error during summarization: 'str' object has no attribute 'chat'
33	corbin bosch	500K+	24 hours ago	2025-04-28	2025-04-28 15:28:16.011886	Error during summarization: 'str' object has no attribute 'chat'
34	thudarum	200K+	5 days ago	2025-04-28	2025-04-28 15:28:16.011886	Error during summarization: 'str' object has no attribute 'chat'
35	barcelona vs real madrid	1M+	2 days ago	2025-04-28	2025-04-28 15:28:16.011886	Error during summarization: 'str' object has no attribute 'chat'
36	zimbabwe vs bangladesh	200K+	6 hours ago	2025-04-28	2025-04-28 15:28:16.011886	Error during summarization: 'str' object has no attribute 'chat'
37	kashmir news	500K+	5 days ago	2025-04-28	2025-04-28 15:28:16.011886	Error during summarization: 'str' object has no attribute 'chat'
38	mayank yadav	200K+	24 hours ago	2025-04-28	2025-04-28 15:28:16.011886	Error during summarization: 'str' object has no attribute 'chat'
39	jewel thief the heist begins	200K+	3 days ago	2025-04-28	2025-04-28 15:28:16.011886	Error during summarization: 'str' object has no attribute 'chat'
40	aaj tak live	200K+	5 days ago	2025-04-28	2025-04-28 15:28:16.011886	Error during summarization: 'str' object has no attribute 'chat'
41	news	500K+	5 days ago	2025-04-28	2025-04-28 15:28:16.011886	Error during summarization: 'str' object has no attribute 'chat'
42	mi बनाम lsg	100K+	24 hours ago	2025-04-28	2025-04-28 15:28:16.011886	Error during summarization: 'str' object has no attribute 'chat'
43	bse.telangana.gov.in 2025	1M+	9 hours ago	2025-04-28	2025-04-28 15:28:16.011886	Error during summarization: 'str' object has no attribute 'chat'
44	liverpool vs tottenham	100K+	23 hours ago	2025-04-28	2025-04-28 15:28:16.011886	Error during summarization: 'str' object has no attribute 'chat'
45	neet	500K+	4 days ago	2025-04-28	2025-04-28 15:28:16.011886	Error during summarization: 'str' object has no attribute 'chat'
46	dc बनाम rcb	100K+	20 hours ago	2025-04-28	2025-04-28 15:28:16.011886	Error during summarization: 'str' object has no attribute 'chat'
47	kalma	200K+	5 days ago	2025-04-28	2025-04-28 15:28:16.011886	Error during summarization: 'str' object has no attribute 'chat'
48	kashmir	200K+	5 days ago	2025-04-28	2025-04-28 15:28:16.011886	Error during summarization: 'str' object has no attribute 'chat'
49	nottm forest vs man city	200K+	19 hours ago	2025-04-28	2025-04-28 15:28:16.011886	Error during summarization: 'str' object has no attribute 'chat'
50	misha agrawal	100K+	2 days ago	2025-04-28	2025-04-28 15:28:16.011886	Error during summarization: 'str' object has no attribute 'chat'
51	kkr vs dc	2M+	yesterday	2025-04-30	2025-04-30 14:39:57.570444	Error during summarization: 'str' object has no attribute 'chat'
52	bse.telangana.gov.in 2025	1M+	2 days ago	2025-04-30	2025-04-30 14:39:57.570444	Error during summarization: 'str' object has no attribute 'chat'
53	zimbabwe vs bangladesh	500K+	2 days ago	2025-04-30	2025-04-30 14:39:57.570444	Error during summarization: 'str' object has no attribute 'chat'
54	titans vs royals	2M+	yesterday	2025-04-30	2025-04-30 14:39:57.570444	Error during summarization: 'str' object has no attribute 'chat'
55	cisce	200K+	19 hours ago	2025-04-30	2025-04-30 14:39:57.570444	Error during summarization: 'str' object has no attribute 'chat'
56	india women vs south africa women	1M+	yesterday	2025-04-30	2025-04-30 14:39:57.570444	Error during summarization: 'str' object has no attribute 'chat'
57	jkbose 12th result 2025	200K+	17 hours ago	2025-04-30	2025-04-30 14:39:57.570444	Error during summarization: 'str' object has no attribute 'chat'
58	dc vs kkr	200K+	2 days ago	2025-04-30	2025-04-30 14:39:57.570444	Error during summarization: 'str' object has no attribute 'chat'
59	akshaya tritiya	500K+	4 days ago	2025-04-30	2025-04-30 14:39:57.570444	Error during summarization: 'str' object has no attribute 'chat'
60	karim janat	500K+	yesterday	2025-04-30	2025-04-30 14:39:57.570444	Error during summarization: 'str' object has no attribute 'chat'
61	arsenal vs psg	200K+	19 hours ago	2025-04-30	2025-04-30 14:39:57.570444	Error during summarization: 'str' object has no attribute 'chat'
62	delhi capitals vs royal challengers bengaluru match scorecard	2M+	2 days ago	2025-04-30	2025-04-30 14:39:57.570444	Error during summarization: 'str' object has no attribute 'chat'
63	mumbai indians vs lucknow super giants match scorecard	1M+	2 days ago	2025-04-30	2025-04-30 14:39:57.570444	Error during summarization: 'str' object has no attribute 'chat'
64	india pakistan news	100K+	6 days ago	2025-04-30	2025-04-30 14:39:57.570444	Error during summarization: 'str' object has no attribute 'chat'
65	chennai super kings vs sunrisers hyderabad match scorecard	1M+	4 days ago	2025-04-30	2025-04-30 14:39:57.570444	Error during summarization: 'str' object has no attribute 'chat'
66	india pakistan	500K+	6 days ago	2025-04-30	2025-04-30 14:39:57.570444	Error during summarization: 'str' object has no attribute 'chat'
67	kkr बनाम dc	100K+	19 hours ago	2025-04-30	2025-04-30 14:39:57.570444	Error during summarization: 'str' object has no attribute 'chat'
68	canada election results	200K+	yesterday	2025-04-30	2025-04-30 14:39:57.570444	Error during summarization: 'str' object has no attribute 'chat'
69	cbse result 2025	200K+	18 hours ago	2025-04-30	2025-04-30 14:39:57.570444	Error during summarization: 'str' object has no attribute 'chat'
70	ather energy ipo gmp	200K+	4 days ago	2025-04-30	2025-04-30 14:39:57.570444	Error during summarization: 'str' object has no attribute 'chat'
71	afc champions league	100K+	4 days ago	2025-04-30	2025-04-30 14:39:57.570444	Error during summarization: 'str' object has no attribute 'chat'
72	neet	200K+	6 days ago	2025-04-30	2025-04-30 14:39:57.570444	Error during summarization: 'str' object has no attribute 'chat'
73	akshaya tritiya 2025 date and time	100K+	3 days ago	2025-04-30	2025-04-30 14:39:57.570444	Error during summarization: 'str' object has no attribute 'chat'
74	motorola edge 60 pro	100K+	5 days ago	2025-04-30	2025-04-30 14:39:57.570444	Error during summarization: 'str' object has no attribute 'chat'
75	rohit basfore	50K+	yesterday	2025-04-30	2025-04-30 14:39:57.570444	Error during summarization: 'str' object has no attribute 'chat'
\.


--
-- Data for Name: google_trends_now; Type: TABLE DATA; Schema: public; Owner: harsha
--

COPY public.google_trends_now (id, topic, volume, start_time, scraped_date, created_at, summary) FROM stdin;
1	washington sundar	500K+	17 hours ago	2025-04-07	2025-04-07 12:05:09.34802	\N
2	nifty 50	500K+	2 hours ago	2025-04-07	2025-04-07 12:05:09.34802	\N
3	man united vs man city	100K+	16 hours ago	2025-04-07	2025-04-07 12:05:09.34802	\N
4	sunrisers hyderabad vs gujarat titans match scorecard	500K+	17 hours ago	2025-04-07	2025-04-07 12:05:09.34802	\N
5	fulham vs liverpool	100K+	18 hours ago	2025-04-07	2025-04-07 12:05:09.34802	\N
6	goa vs bengaluru	200K+	17 hours ago	2025-04-07	2025-04-07 12:05:09.34802	\N
7	sevilla vs atlético madrid	50K+	17 hours ago	2025-04-07	2025-04-07 12:05:09.34802	\N
8	inter miami vs toronto	50K+	8 hours ago	2025-04-07	2025-04-07 12:05:09.34802	\N
9	srh बनाम gt	50K+	17 hours ago	2025-04-07	2025-04-07 12:05:09.34802	\N
10	siemens share price	20K+	2 hours ago	2025-04-07	2025-04-07 12:05:09.34802	\N
11	isha ambani	20K+	18 hours ago	2025-04-07	2025-04-07 12:05:09.34802	\N
12	indigo airlines crew theft allegations	20K+	16 hours ago	2025-04-07	2025-04-07 12:05:09.34802	\N
13	world health day 2025	10K+	6 hours ago	2025-04-07	2025-04-07 12:05:09.34802	\N
14	trent share price	10K+	2 hours ago	2025-04-07	2025-04-07 12:05:09.34802	\N
15	tata motors share price	50K+	2 hours ago	2025-04-07	2025-04-07 12:05:09.34802	\N
16	moneycontrol	20K+	2 hours ago	2025-04-07	2025-04-07 12:05:09.34802	\N
17	saudi arabia visa ban	10K+	7 hours ago	2025-04-07	2025-04-07 12:05:09.34802	\N
18	santos vs bahia	10K+	7 hours ago	2025-04-07	2025-04-07 12:05:09.34802	\N
19	tottenham vs southampton	20K+	18 hours ago	2025-04-07	2025-04-07 12:05:09.34802	\N
20	roma vs juventus	10K+	12 hours ago	2025-04-07	2025-04-07 12:05:09.34802	\N
21	reliance share price	20K+	2 hours ago	2025-04-07	2025-04-07 12:05:09.34802	\N
22	gold rate today mumbai	20K+	2 hours ago	2025-04-07	2025-04-07 12:05:09.34802	\N
23	porto vs benfica	10K+	11 hours ago	2025-04-07	2025-04-07 12:05:09.34802	\N
24	brentford vs chelsea	20K+	18 hours ago	2025-04-07	2025-04-07 12:05:09.34802	\N
25	kcet	20K+	23 hours ago	2025-04-07	2025-04-07 12:05:09.34802	\N
26	chennai super kings vs mumbai indians match scorecard	500K+	2 hours ago	2025-04-20	2025-04-20 21:42:12.450765	The recent Chennai Super Kings vs Mumbai Indians match on March 23, 2025, in the Indian Premier League 2025 saw Chennai Super Kings (CSK) emerging victorious with a score of 158/6, while Mumbai Indians (MI) scored 155/9. CSK won by 4 wickets with 5 balls remaining. The standout performance came from Rachin Ravindra scoring 65 runs off 45 balls. This match result is trending due to the competitive nature of the game and the excitement surrounding the IPL 2025 season.
27	punjab kings vs royal challengers bengaluru match scorecard	1M+	6 hours ago	2025-04-20	2025-04-20 21:42:12.450765	The recent search results indicate that the Punjab Kings vs Royal Challengers Bengaluru match scorecard is trending in the context of the IPL 2025. The match between these two teams is part of the ongoing IPL season, with a focus on the clash between the Punjab Kings and the Royal Challengers Bengaluru. The match scorecards provide updates on the live scores, innings, runs, wickets, and key highlights of the game. Fans are closely following this match, as it is part of the 'Revenge Week' in the IPL, where the wounded RCB team takes on PBKS. The live updates and scorecards offer a detailed insight into the match progress and results for cricket enthusiasts.
28	bangladesh vs zimbabwe	200K+	13 hours ago	2025-04-20	2025-04-20 21:42:12.450765	The recent search results indicate that Bangladesh and Zimbabwe are currently engaged in a cricket series. The two teams are playing a Test series in Bangladesh, with matches taking place in April 2025. The first Test match has already started, with updates showing Bangladesh at 98/3 after 31.5 overs. This series is part of Zimbabwe's tour of Bangladesh, which includes multiple matches between the two teams. The series is trending due to cricket fans following the live scores and results of the matches.
29	ashwani kumar	200K+	2 hours ago	2025-04-20	2025-04-20 21:42:12.450765	Ashwani Kumar is a name associated with multiple individuals across different fields. The search results reveal that there are prominent figures with this name, including a cricketer from India who plays for Punjab in domestic cricket and Mumbai Indians in the Indian Premier League. Additionally, there is a renowned interventional cardiologist named Dr. Ashwani Kumar, known for his expertise in complex peripheral vascular interventions. Another individual identified in the search results is FNU Ashwani Kumar, who is a PhD holder and serves as an Associate Research Scientist at Yale School of Medicine.\n\nThe trending aspect of Ashwani Kumar could be attributed to his achievements and contributions in the respective fields, such as cricket, cardiology, and academia. His presence in multiple domains might have sparked interest and curiosity among people, leading to an increase in searches and discussions about him.
30	up board result 2025	2M+	15 hours ago	2025-04-20	2025-04-20 21:42:12.450765	The UP Board Class 10th and 12th Result 2025 is a topic of interest as students and parents eagerly await the release of the results. According to recent reports, the UP Board Result 2025 for Class 10 and 12 is expected to be announced between April 15 and April 20, 2025. The Uttar Pradesh Madhyamik Shiksha Parishad (UPMSP) has not yet officially confirmed the date and time of the results, but based on past trends, it is expected to be in April. The results are anticipated to be published on the official website of UPMSP. Students are advised to stay updated for further announcements regarding the UP Board Result 2025.
31	romario shepherd	200K+	6 hours ago	2025-04-20	2025-04-20 21:42:12.450765	Romario Shepherd is a cricketer from the West Indies who plays as a bowling all-rounder. He started his career in domestic cricket with the List A format in 2016 and then in first-class cricket in 2017. Known for his abilities with both bat and ball, Shepherd is a player for Guyana. His recent absence from playing has sparked curiosity among fans, with some speculating about potential reasons such as injury. His performances have garnered attention, leading to discussions about his current status and future prospects in the sport.
32	csk बनाम mi	20K+	2 hours ago	2025-04-20	2025-04-20 21:42:12.450765	The recent search results indicate that "CSK बनाम MI" refers to a cricket match between Chennai Super Kings (CSK) and Mumbai Indians (MI) in the Indian Premier League 2025. The match was won by CSK, who defeated MI by 4 wickets. The match featured notable performances by players like Rachin Ravindra and Ruturaj Gaikwad. This match marked the beginning of the season for both teams, with CSK starting with a win and MI facing their first loss of the season. The match was significant as it was the first 'El Clasico' of IPL 2025. The match generated interest among fans, as seen in discussions about tickets and match updates on various platforms.
33	ipswich town vs arsenal	50K+	4 hours ago	2025-04-20	2025-04-20 21:42:12.450765	The trending topic of "Ipswich Town vs Arsenal" refers to a Premier League match scheduled for April 20, 2025. This fixture has garnered attention as fans are eager to see the outcome between these two football clubs. The match is set to take place at Portman Road Stadium in Ipswich, England. Various websites and platforms are providing information such as ticket details, live coverage, and updates on lineups and statistics for this upcoming game. Fans can follow the match on platforms like ESPN and Sofascore for live scores and highlights.
176	ssc result 2025 telangana	500K+	4 hours ago	2025-04-30	2025-04-30 14:39:16.818663	Error during summarization: 'str' object has no attribute 'chat'
34	man united vs wolves	50K+	4 hours ago	2025-04-20	2025-04-20 21:42:12.450765	The trending event 'Man United vs Wolves' refers to a match between Manchester United and Wolverhampton Wanderers in the English Premier League scheduled for 20th April 2025 at 13:00 UTC. This match was rearranged and has drawn attention from fans eager to follow the live coverage, including lineups, stats, and reactions. Resources are available for fans to watch the match through streams and official channels.
35	पीबीकेएस बनाम rcb	50K+	6 hours ago	2025-04-20	2025-04-20 21:42:12.450765	The recent search results indicate that 'पीबीकेएस बनाम RCB' refers to the ongoing cricket matches between Punjab Kings (PBKS) and Royal Challengers Bengaluru (RCB) in the Indian Premier League (IPL). RCB recently won a match against PBKS, with highlights mentioning significant performances by players like Virat Kohli. This topic is trending due to the popularity of IPL matches and the interest in cricket fans to follow the results and performances of their favorite teams and players.
36	kerala blasters	20K+	8 hours ago	2025-04-20	2025-04-20 21:42:12.450765	Kerala Blasters FC is an Indian professional football club based in Kochi, Kerala, that competes in the Indian Super League (ISL), which is the top tier of football in India. The club was formed on May 27, 2014, and has been a part of the ISL since its inception. Recently, there has been news about a player named Noah Sadaoui set to move to Kerala Blasters, generating some buzz in the Indian football community. The club has an active presence on social media platforms like Instagram, where they share updates and engage with fans.
37	karachi kings vs islamabad united	20K+	1 hour ago	2025-04-20	2025-04-20 21:42:12.450765	The search results indicate that Karachi Kings and Islamabad United are cricket teams participating in the Pakistan Super League (PSL). The recent match between Karachi Kings and Islamabad United is generating interest and trending online. The match details, live streams, scorecards, and discussions about the teams and players involved in the game are being widely shared and viewed. Fans and cricket enthusiasts are following the match closely, discussing team performance, player stats, and outcomes. The rivalry between Karachi Kings and Islamabad United is also highlighted as a key aspect of the match, adding to the excitement and anticipation surrounding their games.
38	columbus vs inter miami	50K+	20 hours ago	2025-04-20	2025-04-20 21:42:12.450765	The trending event "Columbus vs Inter Miami" is a highly anticipated soccer match between Columbus Crew and Inter Miami CF. This match is generating buzz as the 2024 Leagues Cup Champion, Columbus Crew, will face off against the reigning 2024 Supporters' Shield winner, Inter Miami CF. The match is scheduled for April 19, 2025, in Cleveland at Huntington Bank Field. Recent reports indicate that the attendance for this match has set a record, with over 60,000 fans attending the game. Fans and soccer enthusiasts are eagerly awaiting this showdown between two prominent MLS teams.
39	leicester city vs liverpool	10K+	1 hour ago	2025-04-20	2025-04-20 21:42:12.450765	The trending match between Leicester City and Liverpool is generating interest as it is a crucial Premier League fixture. The two teams have a history of competitive matches, with Liverpool winning the recent encounter. The upcoming match is scheduled for Sunday, April 20 at the King Power Stadium. Fans can watch the game on various platforms such as Sky Sports in the UK and USA Network in the US. The match is anticipated to be intense, with both teams vying for a positive result in the league standings.
40	ms dhoni	50K+	30 minutes ago	2025-04-20	2025-04-20 21:42:12.450765	MS Dhoni is an Indian professional cricketer known for his skills as a right-handed batter and wicket-keeper. He is widely recognized as one of the most prolific wicket-keeper-batsmen. Dhoni has led India to three ICC titles and is also famous for his performances with the Chennai Super Kings in the Indian Premier League. Recently, he made headlines for a gesture towards a fan named Vignesh Puthur, which left a lasting impact on the fan. Dhoni's association with ALLEN Digital for providing guidance and preparation for students has also been a topic of discussion. Overall, he remains a prominent figure in cricket and continues to attract attention for his on and off-field contributions.
41	fulham vs chelsea	20K+	4 hours ago	2025-04-20	2025-04-20 21:42:12.450765	The recent search results indicate that Fulham vs Chelsea is a football match scheduled in the English Premier League. The match will take place at Craven Cottage, with a kick-off time of 2pm (UK time) on Sunday, April 20, 2025. There is anticipation and buzz surrounding this match, with fans eager to watch and follow live updates. The match is expected to be intense, with predictions favoring Fulham to secure a home win. Fans can purchase tickets for the match through various channels, such as phone or in person.
42	rachin ravindra	50K+	2 hours ago	2025-04-20	2025-04-20 21:42:12.450765	Rachin Ravindra is a New Zealand international cricketer born on November 18, 1999. He is known for his dynamic batting skills, being able to play at the top or in the middle order, and also for his left-arm finger spin bowling. Rachin made his international debut for the New Zealand cricket team. Recently, he scored 578 runs in the World Cup and won the ICC Emerging Cricketer of the Year award, solidifying his position as a key player for New Zealand. His performances have garnered attention and praise, leading to his increased popularity and trending status in the cricketing world.
43	up board result 2025 check online	500K+	14 hours ago	2025-04-20	2025-04-20 21:42:12.450765	The search results indicate that the Uttar Pradesh Madhyamik Shiksha Parishad (UPMSP) is preparing to announce the results for the academic session 2024-25, including exams for classes 9 and 11, as well as high school and intermediate exams for the year 2025. Students are advised to check their educational details online. The process for checking the UP Board Result 2025 online is expected to be available on the official result portal. This topic is trending as students and parents are eagerly awaiting the announcement of the results.
44	shaik rasheed	200K+	2 hours ago	2025-04-20	2025-04-20 21:42:12.450765	Shaik Rasheed is a name associated with two individuals - one being a young Indian cricketer born in Guntur, Andhra Pradesh in 2004, who made his first-class debut in February 2022. The other individual is Sheikh Rasheed Ahmad, a Pakistani politician who served as the 38th Interior Minister of Pakistan in the Imran Khan government from 2020 to 2022. The name Shaik Rasheed has been trending due to the achievements and activities of these two individuals in the fields of cricket and politics, respectively. Additionally, there seems to be social media presence associated with the name, with posts and photos being shared on platforms like Instagram.
45	आयुष म्हात्रे	20K+	2 hours ago	2025-04-20	2025-04-20 21:42:12.450765	Ayush Mhatre is a young cricket player from India who recently made headlines for breaking a world record in List A cricket by scoring 181 runs in a match. He achieved this feat during the Vijay Hazare Trophy match against Nagaland in Ahmedabad. Mhatre, born on July 16, 2007, is a right-handed batsman and off-break bowler. He gained further attention when he joined the Chennai Super Kings (CSK) as a replacement for Rituraj Gaikwad in IPL 2025. Despite going unsold in the mega auction, Mhatre's base price was only 30 lakh rupees. His performance and potential have garnered significant interest in the cricketing world, especially given his young age of 17 years and 272 days.
46	las palmas vs atlético madrid	20K+	22 hours ago	2025-04-20	2025-04-20 21:42:12.450765	The recent match between Las Palmas and Atlético Madrid on April 19, 2025, ended in a shocking 1-0 victory for Las Palmas. Javi Muñoz scored a stoppage-time winner, dealing a major blow to Atlético Madrid. This result was unexpected as Las Palmas is currently relegation-threatened. The match was highly anticipated, and the outcome has been trending due to the surprise victory and the impact it has on Atlético Madrid's position in the league. Fans and analysts are discussing the implications of this result on both teams' standings and future performances.
47	trent boult	10K+	1 hour ago	2025-04-20	2025-04-20 21:42:12.450765	Trent Boult is a former New Zealand cricketer who has represented the New Zealand cricket team in all formats. He is known for his left-handed swing bowling. Boult has been a part of the IPL since 2015, playing as a new-ball strike bowler for various teams. He has a significant following on Instagram and is associated with the Blackcaps NZ and Mumbai Indians. Recent posts on Instagram indicate his involvement in cricket events, such as his trip to South Africa in 2025. Boult made his First-Class debut in 2007 for the New Zealand 'A' team during a tour of India.
48	dortmund vs mönchengladbach	5K+	1 hour ago	2025-04-20	2025-04-20 21:42:12.450765	The recent search results show that Borussia Dortmund and Borussia Mönchengladbach recently had a match that ended in a 1-1 draw. This match was fiercely contested and is seen as a fair result for both teams. Additionally, there is historical significance as a past match between the two teams ended in a 12-0 victory for Mönchengladbach, which remains one of the largest margin victories in Bundesliga history. The upcoming match between the two teams on April 20, 2025, is generating interest as two top players, including Sehrou Guirassy, are expected to face off. Fans can also purchase tickets for the upcoming match between Borussia Dortmund and Borussia Mönchengladbach.
49	lucy guo	10K+	12 hours ago	2025-04-20	2025-04-20 21:42:12.450765	Lucy Guo is an American entrepreneur, engineer, and social media influencer who co-founded Scale AI in 2016. She was fired from the company in 2018 and has been involved in a lawsuit related to Passes. Guo is known for her work in technology and as a part-time promoter. She has a strong presence on social media platforms like Instagram and LinkedIn, where she shares insights about her experiences and interests. Recently, her activities and statements have been trending due to her involvement in legal matters and her ongoing projects in the tech industry.
50	mitchell santner	10K+	1 hour ago	2025-04-20	2025-04-20 21:42:12.450765	Mitchell Santner is a New Zealand international cricketer who was born on February 5, 1992. He currently serves as the captain of the New Zealand Cricket team. Santner has an impressive career in cricket, with notable statistics in T20Is and First-Class matches. He is also known for his passion for golf. Recently, Santner led his team to a commanding victory against Pakistan, showcasing his skills and leadership on the field. This has likely contributed to his trending popularity.
51	punjab kings vs royal challengers bengaluru match scorecard	500K+	20 hours ago	2025-04-21	2025-04-21 11:29:12.735314	The recent search results provide information about the Punjab Kings vs Royal Challengers Bengaluru match scorecard, which was a part of the Indian Premier League (IPL) 2025. The match took place on May 9, 2025, at Dharamsala. The scorecard details the performance of both teams, highlighting key moments such as runs scored during powerplays and wickets taken. This match is trending due to the popularity of the IPL and the competitive nature of the teams involved. Fans and cricket enthusiasts are interested in following the live updates and highlights of the match to stay informed about the results and standout performances.
52	chennai super kings vs mumbai indians match scorecard	1M+	16 hours ago	2025-04-21	2025-04-21 11:29:12.735314	The recent match between Chennai Super Kings (CSK) and Mumbai Indians (MI) in the Indian Premier League (IPL) 2025 resulted in a victory for CSK. CSK scored 158/6 in 19.1 overs while MI scored 155/9. The final scorecard shows CSK winning by 4 wickets with 5 balls remaining. This match took place on March 23, 2025, in Chennai. The match has gained attention due to the competitive gameplay and the close finish, making it a trending topic among cricket fans and sports enthusiasts.
53	real madrid vs athletic club	100K+	11 hours ago	2025-04-21	2025-04-21 11:29:12.735314	The trending topic 'Real Madrid vs Athletic Club' refers to a recent football match between Real Madrid and Athletic Club Bilbao. The game took place on April 20, 2025, with Real Madrid securing a 1-0 home win over Athletic Club. The match was crucial for Real Madrid as they aimed to stay within four points of their competitors. The event attracted attention due to its significance in the LaLiga season and the competitiveness between the two teams. Fans were eager to follow the live coverage, check scores, and even purchase tickets to witness the game.
54	ashwani kumar	200K+	16 hours ago	2025-04-21	2025-04-21 11:29:12.735314	Ashwani Kumar is a name that is currently trending due to multiple individuals with this name making significant contributions in different fields. \n\n1. Ashwani Kumar is an Indian cricketer born on August 29, 2001, who plays for Punjab in domestic cricket and for the Mumbai Indians in the Indian Premier League. He is known for his left-arm fast bowling skills, especially in the slog overs. His profile and stats can be found on ESPNcricinfo and Wikipedia.\n\n2. Dr. Ashwani Kumar is a board-certified interventional cardiologist known for his expertise in complex peripheral vascular interventions. He has performed numerous procedures and is associated with Virginia Cardiovascular Specialists.\n\n3. FNU Ashwani Kumar, PhD, is an Associate Research Scientist at Yale School of Medicine, specializing in Nephrology. His profile and research work can be accessed on the Yale School of Medicine website.\n\nOverall, Ashwani Kumar seems to be a popular name associated with achievements in cricket, cardiology, and medical research, leading to the trending interest in recent search results.
55	csk बनाम mi	100K+	16 hours ago	2025-04-21	2025-04-21 11:29:12.735314	The recent search results indicate that 'CSK बनाम MI' refers to a cricket match between Chennai Super Kings (CSK) and Mumbai Indians (MI) in the Indian Premier League (IPL) 2025. CSK won the match by 4 wickets, with Rachin Ravindra playing a key role in the victory. The match took place at the M.A. Chidambaram Stadium. This match is trending due to the exciting competition between two popular IPL teams and the thrilling finish of the game.
56	romario shepherd	200K+	20 hours ago	2025-04-21	2025-04-21 11:29:12.735314	Romario Shepherd is a cricketer from the West Indies who is a bowling all-rounder. He started playing domestic cricket in 2016 with the List A format and transitioned to first-class cricket in 2017. Known for his ability to bat in the lower order and deliver strong performances with the ball, Romario Shepherd is a key player for Guyana. Recently, there have been discussions on platforms like Reddit about his absence from playing, with fans speculating on potential reasons such as injury. Romario Shepherd's profile and performances have garnered attention, leading to his popularity and trending status.
103	real madrid vs athletic club	100K+	12 hours ago	2025-04-21	2025-04-21 12:08:35.107709	I apologize, but I am unable to retrieve the latest information on "Real Madrid vs Athletic Club" due to a Google search error. I recommend checking reputable sports news websites or social media platforms for the most recent updates on the match.
57	karachi kings vs islamabad united	50K+	15 hours ago	2025-04-21	2025-04-21 11:29:12.735314	The recent Karachi Kings vs Islamabad United match in the Pakistan Super League resulted in Islamabad United securing a dominant victory with a seven-wicket win. This match showcased Shadab Khan's impressive all-round performance, contributing to Islamabad United's success. The match has been a trending topic due to Islamabad United's strong performance and their continued success in the PSL, as well as the notable contributions from players like Shadab Khan. Fans and cricket enthusiasts have been discussing the match on platforms like ESPN Cricinfo, BBC Sport, and Reddit, highlighting the key moments and performances from both teams.
58	ipswich town vs arsenal	50K+	17 hours ago	2025-04-21	2025-04-21 11:29:12.735314	The recent search results suggest that Ipswich Town faced Arsenal in a Premier League match on April 20, 2025. The match resulted in a dominant 4-0 win for Arsenal, with Leandro Trossard scoring a double. This victory impacted the Premier League standings and postponed Liverpool's match. Ticket information was available for the fixture at Portman Road Stadium. The game was covered live by various sports platforms, including ESPN and Sofascore. This match between Ipswich Town and Arsenal gained attention due to the significant win by Arsenal and the impact on the Premier League standings.
59	man united vs wolves	50K+	17 hours ago	2025-04-21	2025-04-21 11:29:12.735314	The recent trending topic of "Man United vs Wolves" refers to a football match between Manchester United and Wolverhampton Wanderers in the English Premier League. The match took place on April 20, 2025, where Wolverhampton Wanderers won 1-0 at Old Trafford, Manchester. This match gained attention as it marked the first time Bruno Fernandes was benched for Manchester United since 2022. The fixture was rearranged and rescheduled, attracting interest from fans who were eager to watch the game and follow live coverage.
60	leicester city vs liverpool	50K+	15 hours ago	2025-04-21	2025-04-21 11:29:12.735314	The recent match between Leicester City and Liverpool ended with Liverpool winning 1-0, thanks to a second-half goal by Trent Alexander-Arnold. This result has been trending due to the tight and decisive nature of the game, with Liverpool managing to secure a crucial victory. The match took place at the King Power Stadium, and Liverpool's win has implications for the ongoing Premier League season. Fans and football enthusiasts have been discussing the outcome and its impact on the league standings.
61	पीबीकेएस बनाम rcb	50K+	20 hours ago	2025-04-21	2025-04-21 11:29:12.735314	The recent search results show that 'पीबीकेएस बनाम RCB' refers to a cricket match between Punjab Kings (PBKS) and Royal Challengers Bengaluru (RCB) in the IPL 2025 tournament. RCB won the match against PBKS by 7 wickets. The match highlights include RCB's strong performance, with Virat Kohli's impactful innings leading RCB to victory. This match result is trending due to the thrilling gameplay and RCB's successful chase against PBKS.
62	fulham vs chelsea	20K+	17 hours ago	2025-04-21	2025-04-21 11:29:12.735314	Summary:\nThe match between Fulham and Chelsea is a trending topic due to their upcoming game in the English Premier League. Fans can purchase tickets for the match at Craven Cottage. The kick-off time is set for Sunday, April 20, 2025, at 2 pm UK time. Recent search results show that Chelsea has won the previous meeting between the two teams. Discussions and anticipation around the match are happening on various online platforms, reflecting the excitement and interest in this football fixture.
63	next	50K+	16 hours ago	2025-04-21	2025-04-21 11:29:12.735314	'Next' is a term that encompasses a variety of topics based on recent search results. It includes Next Insurance, which provides small business insurance quotes online, emphasizing tailored coverage and savings. Additionally, Next US offers fashion and clothing through its online shop, while Next Restaurant in Chicago changes its menu and dining experience multiple times a year to focus on different culinary regions or themes. Next.js by Vercel is a React framework known for its fast, production-grade tooling. Lastly, Next Official Site in the UK offers a wide range of fashion, kids' clothes, and homeware, with next day delivery and free returns available. Overall, 'Next' is trending due to its diverse presence in small business insurance, fashion, dining experiences, web development, and online retail.
64	kerala blasters	50K+	21 hours ago	2025-04-21	2025-04-21 11:29:12.735314	Kerala Blasters FC is an Indian professional football club based in Kochi, Kerala, competing in the Indian Super League (ISL). Established in 2014, the team is a prominent member of the ISL. The club's official Instagram account and website provide updates and insights into their activities. The team's presence on social media platforms like Instagram is likely contributing to its current trendiness, engaging fans and followers with content and updates.
65	united states vs bahamas	20K+	15 hours ago	2025-04-21	2025-04-21 11:29:12.735314	The recent search results indicate that the United States and the Bahamas have been facing off in different sports competitions. In basketball, the USA played against the Bahamas in the FIBA AmeriCup 2025 qualifiers, with the USA winning with a strong performance, hitting 15 three-pointers. Additionally, the two countries also competed in beach soccer matches, with the Bahamas winning against the U.S. Men's Beach Soccer National Team in a close 3-2 match. These competitions have garnered attention due to the competitive nature of the games and the interest in international sports competitions.
66	bologna vs inter	20K+	14 hours ago	2025-04-21	2025-04-21 11:29:12.735314	The trending topic of 'Bologna vs Inter' refers to a football match between Bologna and Inter Milan. The match is scheduled to take place on April 20, 2025, at the Renato Dall'Ara stadium in Bologna, Italy. This match is part of the Serie A league. Inter Milan will be looking to build on their momentum from previous wins, while Bologna will aim to secure a victory. The matchup between the two teams has a history, with Inter having won more matches in their head-to-head encounters. Fans and football enthusiasts are likely following this game closely due to the competitive nature of the teams and the potential impact on the Serie A standings.
67	dortmund vs mönchengladbach	20K+	15 hours ago	2025-04-21	2025-04-21 11:29:12.735314	The search results indicate a recent match between Borussia Dortmund and Borussia Mönchengladbach, which took place at Signal Iduna Park stadium in Dortmund. The match ended in a 1-1 draw, with both teams putting up a strong performance. One notable historical match mentioned in the results was a 12-0 victory for Borussia Mönchengladbach over Borussia Dortmund, which remains one of the biggest wins in Bundesliga history. The recent match between the two teams appears to have drawn attention due to the competitive nature of the game and the historical significance of past encounters.
68	scientists new colour olo	20K+	15 hours ago	2025-04-21	2025-04-21 11:29:12.735314	Scientists have recently claimed to have discovered a new color named "olo" by stimulating specific cells in the retina. This new color, described as a blue-green hue, is beyond human vision and can only be perceived through a specialized technique called the Oz Vision System. The research findings have been published in Science Advances and have garnered attention due to the novelty and intrigue of identifying a color previously unseen by humans. The discovery has sparked interest and discussion in the scientific community and among the general public.
69	आयुष म्हात्रे	50K+	16 hours ago	2025-04-21	2025-04-21 11:29:12.735314	Ayush Mhatre is a young cricket player from India who has been making headlines recently. He was born on July 16, 2007, in Mumbai and is known for his batting skills as a right-handed batsman and off-break bowling. Ayush recently set a world record in List A cricket by scoring 181 runs in a match. He has represented India in the Asia Cup and has been playing for teams like Mumbai Indians and Chennai Super Kings in the Indian Premier League. Ayush Mhatre's talent and achievements at a young age have garnered attention and praise in the cricketing world, making him a rising star to watch out for.
70	jd vance	10K+	12 hours ago	2025-04-21	2025-04-21 11:29:12.735314	JD Vance is an American politician, author, attorney, and Marine Corps veteran who has been serving since 2025. He has faced challenges in his childhood due to financial struggles and family instability. Recently, there has been commentary on his association with former President Trump and discussions about his past, including his family background and legal issues. Vance's rise in politics and personal life have made him a trending topic in recent search results.
71	milan vs atalanta	10K+	12 hours ago	2025-04-21	2025-04-21 11:29:12.735314	The recent search results indicate that the upcoming Serie A match between AC Milan and Atalanta is generating buzz. Tickets for the match are on sale, and it is scheduled to take place on Easter Sunday at San Siro stadium. Fans can expect an exciting game as Milan and Atalanta go head to head on April 20, 2025. The match is highly anticipated, with previews highlighting the team news, predictions, and the significance of this fixture for both clubs. This trending event has attracted attention from football fans eagerly awaiting the matchup between these two competitive teams.
72	hdfc bank share price	10K+	2 hours ago	2025-04-21	2025-04-21 11:29:12.735314	The search results for "HDFC Bank share price" provide information on the current stock price and related details. The stock price for HDFC Bank is fluctuating around 1,882.00 to 1,878.00 with volume reaching 17,851,542. Analyst estimates suggest a mix of buy, hold, and sell recommendations from 42 analysts. The stock is trading at 2.82 times its book value, with some concerns like low interest coverage ratio and contingent liabilities. The share price has seen a 1.53% increase as of the latest update. This information is trending due to the interest in the financial performance and market movement of HDFC Bank.
73	rockets vs warriors	5K+	4 hours ago	2025-04-21	2025-04-21 11:29:12.735314	I apologize for the inconvenience, but it seems that I am currently unable to retrieve the search results for "rockets vs warriors" due to a Google Search Error. However, based on the context, it can be assumed that "rockets vs warriors" refers to a basketball game or matchup between the Houston Rockets and the Golden State Warriors, two prominent teams in the NBA. This topic may be trending due to recent games, player performances, trade rumors, or other significant events related to these teams. If you have any specific questions or need more information, feel free to ask.
74	st-étienne vs lyon	5K+	11 hours ago	2025-04-21	2025-04-21 11:29:12.735314	The recent search results indicate that the St-Étienne vs Lyon match is a significant football rivalry between French clubs Olympique Lyonnais and AS Saint-Étienne. The match between these two teams has garnered attention due to recent incidents, such as the suspension of a Ligue 1 match after an assistant referee was struck. The rivalry has historical significance, with matches between them being closely followed by fans. The upcoming match between Saint-Étienne and Olympique Lyonnais is anticipated, with both teams holding notable positions in the league standings.
75	karishma kohli	5K+	10 hours ago	2025-04-21	2025-04-21 11:29:12.735314	I'm currently unable to provide search results for "karishma kohli" due to a Google Search Error. However, based on general trends and context, it's possible that Karishma Kohli may be a public figure, influencer, or individual gaining attention for various reasons such as social media presence, professional accomplishments, or involvement in current events. For more specific information, I recommend trying the search query again later or checking reputable news sources for updates on Karishma Kohli.
76	punjab kings vs royal challengers bengaluru match scorecard	500K+	20 hours ago	2025-04-21	2025-04-21 11:42:03.956619	I apologize for the inconvenience, but I am unable to retrieve the latest information about the Punjab Kings vs Royal Challengers Bangalore match scorecard due to a Google search error. I recommend checking the official Indian Premier League (IPL) website or a reliable sports news source for the most recent updates on the match scorecard.
77	chennai super kings vs mumbai indians match scorecard	1M+	16 hours ago	2025-04-21	2025-04-21 11:42:03.956619	I apologize for the search error. I am unable to provide the most recent information on the Chennai Super Kings vs Mumbai Indians match scorecard due to the search limitation. I recommend checking a reliable sports news website or app for the latest updates on the match scorecard between Chennai Super Kings and Mumbai Indians.
78	real madrid vs athletic club	100K+	12 hours ago	2025-04-21	2025-04-21 11:42:03.956619	I'm sorry, but I'm currently unable to retrieve the most recent information on the Real Madrid vs Athletic Club match due to a search error. I recommend checking the latest updates on reliable sports news websites or social media platforms for the most up-to-date information on the match.
79	ashwani kumar	200K+	16 hours ago	2025-04-21	2025-04-21 11:42:03.956619	The most recent information about Ashwani Kumar includes details about his cricket career as a young left-arm fast bowler playing for Punjab in domestic cricket and Mumbai Indians in the Indian Premier League. Additionally, there is information about Dr. Ashwani Kumar, a board-certified interventional cardiologist with expertise in complex peripheral vascular interventions.
80	csk बनाम mi	100K+	16 hours ago	2025-04-21	2025-04-21 11:42:03.956619	I apologize for the Google search error. Based on the latest information available, "CSK बनाम MI" refers to the ongoing cricket matches between Chennai Super Kings (CSK) and Mumbai Indians (MI) in the Indian Premier League (IPL) 2021. The most recent news suggests that both teams have been competing fiercely in the tournament, with fans eagerly following the matches. The rivalry between CSK and MI is always intense, and the latest games have likely been thrilling for cricket enthusiasts.
81	romario shepherd	200K+	20 hours ago	2025-04-21	2025-04-21 11:42:03.956619	I apologize for the error in retrieving the latest news on Romario Shepherd. Unfortunately, with the current limitation in accessing real-time search results, I am unable to provide the most recent information about Romario Shepherd at this moment. I recommend checking reliable news sources or conducting a search directly on a search engine for the most up-to-date information.
82	karachi kings vs islamabad united	50K+	15 hours ago	2025-04-21	2025-04-21 11:42:03.956619	I'm currently unable to provide the latest news on 'Karachi Kings vs Islamabad United' due to a Google Search error. I recommend checking reliable news sources or the official websites of the teams for the most up-to-date information on the match.
104	ashwani kumar	200K+	17 hours ago	2025-04-21	2025-04-21 12:08:35.107709	I apologize, but I am currently unable to retrieve the latest news about Ashwani Kumar due to a Google search error. You may want to check a reliable news source directly for the most up-to-date information.
83	ipswich town vs arsenal	50K+	18 hours ago	2025-04-21	2025-04-21 11:42:03.956619	I'm currently unable to retrieve the latest news for "Ipswich Town vs Arsenal" due to a Google search error. However, you can directly search for the most recent updates on reputable news websites or check sports news platforms for the latest information on the upcoming match between Ipswich Town and Arsenal.
84	leicester city vs liverpool	50K+	15 hours ago	2025-04-21	2025-04-21 11:42:03.956619	I apologize for the error in retrieving the latest news on "Leicester City vs Liverpool." Unfortunately, I am unable to provide the most recent information at the moment due to a Google Search error. I recommend checking reputable sports news websites or platforms for the most up-to-date information on the match between Leicester City and Liverpool.
85	man united vs wolves	50K+	18 hours ago	2025-04-21	2025-04-21 11:42:03.956619	I am currently unable to provide you with the latest news on 'man united vs wolves' as there was an error with the Google search. I recommend trying to search for the information directly on a search engine or news website for the most up-to-date details.
86	पीबीकेएस बनाम rcb	50K+	20 hours ago	2025-04-21	2025-04-21 11:42:03.956619	I apologize for the error in retrieving the latest news on "पीबीकेएस बनाम rcb." Due to the technical issue preventing me from accessing the most recent information, I recommend checking a reputable news website for the latest updates on this topic.
87	fulham vs chelsea	20K+	18 hours ago	2025-04-21	2025-04-21 11:42:03.956619	The latest news about Fulham vs Chelsea includes an upcoming match scheduled for Sunday, April 20, 2025, at 2pm UK time at Craven Cottage. There have been recent meetings between the two teams with Chelsea winning 2-1 in the most recent encounter. Fans can purchase match tickets by phone or in person at Fulham. Pre-match discussions and previews are also underway, building excitement for the upcoming game.
88	kerala blasters	50K+	22 hours ago	2025-04-21	2025-04-21 11:42:03.956619	The Kerala Blasters FC is an Indian professional football club based in Kochi, Kerala, competing in the Indian Super League (ISL). The team was formed on May 27, 2014, and has been part of the ISL since its inception. Their official Instagram account recently shared content with the hashtag #ഒന്നായിപോരാടാം. The club's latest updates and activities can be followed on their official website and social media accounts.
89	next	100K+	16 hours ago	2025-04-21	2025-04-21 11:42:03.956619	I apologize, but I am currently unable to retrieve the most recent news about "next" due to a Google Search Error (Error 429). This error usually indicates that the search query limit has been exceeded. I recommend trying the search again later or using a different search engine for the most up-to-date information on "next." If you have any other questions or topics you'd like me to assist with, feel free to let me know.
90	united states vs bahamas	20K+	15 hours ago	2025-04-21	2025-04-21 11:42:03.956619	I'm unable to provide the most recent information on "United States vs Bahamas" at the moment due to a Google Search Error 429. However, based on general knowledge, legal cases between countries like the United States and the Bahamas could involve issues such as extradition, trade disputes, or legal claims between the two nations. It is recommended to check official news sources or legal databases for the latest developments in this specific case.
91	dortmund vs mönchengladbach	20K+	15 hours ago	2025-04-21	2025-04-21 11:42:03.956619	I apologize for the Google search error preventing me from providing the most recent information on the "dortmund vs mönchengladbach" match. I recommend checking reliable sports news websites or social media platforms for the latest updates on this match.
92	bologna vs inter	20K+	14 hours ago	2025-04-21	2025-04-21 11:42:03.956619	I am currently unable to retrieve the latest news due to a Google Search Error. If you have any specific information or details regarding 'bologna vs inter' that you would like me to summarize, please provide it, and I will do my best to assist you.
93	scientists new colour olo	20K+	15 hours ago	2025-04-21	2025-04-21 11:42:03.956619	I apologize for the Google search error. Unfortunately, I am unable to provide the most recent information on 'scientists new colour olo' at this time. I recommend checking reputable news websites or conducting a search on a search engine for the latest updates on this topic. If you have any other questions or need assistance with a different topic, feel free to ask.
94	jd vance	10K+	13 hours ago	2025-04-21	2025-04-21 11:42:03.956619	I apologize for the Google search error preventing me from accessing the most recent news about JD Vance. Unfortunately, I am unable to provide you with a summary of the latest information at this time. If you have any other questions or need assistance with a different topic, feel free to let me know.
95	आयुष म्हात्रे	50K+	16 hours ago	2025-04-21	2025-04-21 11:42:03.956619	I apologize for the search error. Unfortunately, I am unable to provide the most recent information on 'आयुष म्हात्रे' as I am currently unable to access the internet to retrieve the latest news articles. I recommend checking reliable news sources or conducting a search on a search engine for the most up-to-date information on the topic.
96	milan vs atalanta	10K+	12 hours ago	2025-04-21	2025-04-21 11:42:03.956619	I'm sorry, but I encountered an error while trying to retrieve the latest information on the 'Milan vs Atalanta' match. However, you can try checking reliable sports news websites or social media platforms for the most up-to-date information on the match.
97	hdfc bank share price	10K+	2 hours ago	2025-04-21	2025-04-21 11:42:03.956619	I apologize for the inconvenience, but I am currently unable to retrieve the most recent information on HDFC Bank's share price due to a Google search error. I recommend checking directly on a financial news website or the stock market platform for real-time updates on HDFC Bank's share price.
98	rockets vs warriors	5K+	4 hours ago	2025-04-21	2025-04-21 11:42:03.956619	I am currently unable to provide the latest news on "rockets vs warriors" as I encountered an error while trying to access the search results. If you have any other questions or need assistance with a different topic, feel free to let me know.
99	st-étienne vs lyon	5K+	12 hours ago	2025-04-21	2025-04-21 11:42:03.956619	I'm currently unable to provide the latest news on "St-Étienne vs Lyon" due to a Google Search Error. You may consider checking reputable news websites or sports sources for the most recent updates on the match.
100	karishma kohli	5K+	11 hours ago	2025-04-21	2025-04-21 11:42:03.956619	I apologize for the Google search error preventing me from providing the latest news on Karishma Kohli. If you have any other questions or need information on a different topic, feel free to ask.
101	punjab kings vs royal challengers bengaluru match scorecard	500K+	21 hours ago	2025-04-21	2025-04-21 12:08:35.107709	I apologize, but I am currently unable to retrieve the latest information about the Punjab Kings vs Royal Challengers Bangalore match scorecard due to a Google search error. I recommend trying to directly search for the most recent updates on a reliable sports news website or app.
102	chennai super kings vs mumbai indians match scorecard	1M+	17 hours ago	2025-04-21	2025-04-21 12:08:35.107709	I'm sorry, but I am currently facing an issue with accessing the latest information due to a Google Search Error. I recommend checking a reliable sports news website or app for the most recent updates on the Chennai Super Kings vs Mumbai Indians match scorecard.
105	csk बनाम mi	100K+	17 hours ago	2025-04-21	2025-04-21 12:08:35.107709	I apologize for the error in retrieving the latest news for "csk बनाम mi." Unfortunately, without access to the specific search results, I am unable to provide a summary of the most recent information. I recommend trying the search query again on your own to get the latest updates on the topic. If you have any other questions or need assistance with a different topic, feel free to ask.
106	romario shepherd	200K+	21 hours ago	2025-04-21	2025-04-21 12:08:35.107709	I'm currently unable to provide the latest news about Romario Shepherd due to a Google Search Error. I recommend checking reliable news sources or conducting a search using a different search engine to get the most recent information about Romario Shepherd.
107	karachi kings vs islamabad united	50K+	16 hours ago	2025-04-21	2025-04-21 12:08:35.107709	I apologize, but I am unable to provide real-time updates or the latest news on "Karachi Kings vs Islamabad United" at the moment due to a search error. I recommend checking reliable sports news websites or social media platforms for the most recent information on this topic.
108	ipswich town vs arsenal	50K+	18 hours ago	2025-04-21	2025-04-21 12:08:35.107709	I am unable to provide the latest news on the 'Ipswich Town vs Arsenal' match due to a Google search error. You may want to try searching for the most recent information on a reliable news website or sports platform for updates on the game.
109	man united vs wolves	50K+	18 hours ago	2025-04-21	2025-04-21 12:08:35.107709	I apologize for the error in retrieving the latest news on the "Man United vs Wolves" match. Unfortunately, I am unable to provide real-time updates due to the current limitation in accessing external websites for fresh information. If you have any specific questions or need assistance with any other topic, feel free to ask, and I'll do my best to help.
110	leicester city vs liverpool	50K+	15 hours ago	2025-04-21	2025-04-21 12:08:35.107709	I apologize for the Google search error. Unfortunately, I am unable to provide the most recent information on the Leicester City vs Liverpool match at the moment. I recommend checking reputable sports news websites or official social media accounts for the latest updates on the match.
111	पीबीकेएस बनाम rcb	50K+	21 hours ago	2025-04-21	2025-04-21 12:08:35.107709	I apologize, but I am currently unable to retrieve the latest news on 'पीबीकेएस बनाम rcb' due to a Google search error. If you have any other queries or need assistance with a different topic, feel free to ask.
112	fulham vs chelsea	20K+	18 hours ago	2025-04-21	2025-04-21 12:08:35.107709	I apologize for the error. As of my last update, the most recent information on the Fulham vs Chelsea match is not available due to a search error. I recommend checking reputable sports news websites or the official teams' social media accounts for the latest updates on the match.
113	kerala blasters	50K+	22 hours ago	2025-04-21	2025-04-21 12:08:35.107709	I apologize for the error in retrieving the latest news. As of now, I am unable to provide the most recent information on Kerala Blasters due to a Google Search error. Please try searching for the latest news directly on a search engine for the most up-to-date information.
114	next	100K+	17 hours ago	2025-04-21	2025-04-21 12:08:35.107709	I'm sorry, but I am currently unable to perform a search due to a Google Search Error 429. If you have any other questions or need assistance with information that does not require a search, feel free to ask.
115	scientists new colour olo	20K+	15 hours ago	2025-04-21	2025-04-21 12:08:35.107709	I apologize for the search error. Unfortunately, I am unable to provide the latest news about 'scientists new colour olo' at the moment due to the search issue. If you have any other queries or need assistance with a different topic, feel free to let me know.
116	united states vs bahamas	20K+	15 hours ago	2025-04-21	2025-04-21 12:08:35.107709	I apologize for the error in retrieving the latest news on "United States vs Bahamas." Unfortunately, I am unable to provide the most recent information at the moment due to the search limitation. I recommend checking a reliable news website or search engine for the most up-to-date details on this topic.
117	dortmund vs mönchengladbach	20K+	15 hours ago	2025-04-21	2025-04-21 12:08:35.107709	I apologize for the search error preventing me from providing the most recent information about the 'Dortmund vs Mönchengladbach' match. As a workaround, I recommend checking recent sports news websites or the official Bundesliga website for the latest updates on the match between Borussia Dortmund and Borussia Mönchengladbach.
118	bologna vs inter	20K+	15 hours ago	2025-04-21	2025-04-21 12:08:35.107709	I am unable to provide real-time search results at the moment due to a search error. However, based on the most recent information available, 'Bologna vs Inter' likely refers to a recent football match between Bologna and Inter Milan. To get the most up-to-date information on the match results, scores, and any notable events that occurred during or after the game, I recommend checking sports news websites or official football sources.
119	jd vance	10K+	13 hours ago	2025-04-21	2025-04-21 12:08:35.107709	I apologize, but I am currently unable to access the latest news due to a Google search error. Would you like me to attempt the search again later, or is there anything else I can assist you with?
120	आयुष म्हात्रे	50K+	17 hours ago	2025-04-21	2025-04-21 12:08:35.107709	I apologize for the inconvenience, but I am currently unable to provide real-time search results or the most recent information on 'आयुष म्हात्रे' due to a Google Search error. I recommend checking directly on a news website or a search engine for the latest updates on the topic. If you have any other questions or need assistance with something else, feel free to let me know.
121	milan vs atalanta	10K+	12 hours ago	2025-04-21	2025-04-21 12:08:35.107709	I apologize for the search error preventing me from retrieving the most recent information on the Milan vs Atalanta match. I recommend checking reliable sports news websites or social media platforms for the latest updates on the match.
122	hdfc bank share price	20K+	2 hours ago	2025-04-21	2025-04-21 12:08:35.107709	I apologize for the inconvenience, but it seems I am unable to retrieve the most recent information on HDFC Bank share price due to a Google search error. I recommend checking directly on financial news websites or stock market platforms for the latest updates on HDFC Bank share price.
123	rockets vs warriors	5K+	5 hours ago	2025-04-21	2025-04-21 12:08:35.107709	I apologize for the Google search error preventing me from accessing the latest information on "rockets vs warriors." Unfortunately, I am unable to provide you with the most recent news and updates on this topic at the moment. Is there anything else I can assist you with?
124	karishma kohli	5K+	11 hours ago	2025-04-21	2025-04-21 12:08:35.107709	I apologize, but I am currently unable to retrieve the latest news about 'Karishma Kohli' due to a Google Search Error (429). I recommend checking back later or conducting a search yourself to get the most recent information available.
125	st-étienne vs lyon	5K+	12 hours ago	2025-04-21	2025-04-21 12:08:35.107709	I apologize for the Google search error preventing me from providing the latest news on the 'St-Étienne vs Lyon' match. I recommend checking reliable sports news websites or social media platforms for the most recent updates on the match.
174	orange cap in ipl 2025	500K+	22 hours ago	2025-04-28	2025-04-28 15:22:50.983713	Error during summarization: 'str' object has no attribute 'chat'
126	chennai super kings vs sunrisers hyderabad match scorecard	500K+	5 hours ago	2025-04-26	2025-04-26 00:08:15.430396	The latest news related to the Chennai Super Kings vs Sunrisers Hyderabad match scorecard is from the 46th match of the Indian Premier League 2024. Sunrisers Hyderabad reached 50 runs in 5.3 overs with no extras. During the strategic timeout, Sunrisers Hyderabad was at 72/4 in 8.5 overs with AK Markram scoring 28 runs. For the most recent updates and live scores, you can visit the provided links.
127	dewald brevis	500K+	5 hours ago	2025-04-26	2025-04-26 00:08:15.430396	The latest information about Dewald Brevis includes his cricket career stats, playing for the Titans in domestic cricket and Chennai Super Kings in the IPL. A recent Instagram post by Chennai Super Kings tagged him, indicating his involvement with the team. Additionally, there is a mention of Dewald Brevis on Twitter promoting a fan engagement platform. There have been discussions about his potential as a cricket player, with some considering him a talent that may have been underutilized by certain teams.
128	csk बनाम srh	100K+	5 hours ago	2025-04-26	2025-04-26 00:08:15.430396	The most recent match between CSK (Chennai Super Kings) and SRH (Sunrisers Hyderabad) took place in the Indian Premier League 2025. The match results and live updates show that both teams were competing at the MA Chidambaram Stadium. SRH faced a setback as they lost their first wicket early in the match, while CSK managed to secure a strong position. The match outcome and further developments were not provided in the search results.
129	upmsp result 12th	2M+	17 hours ago	2025-04-26	2025-04-26 00:08:15.430396	The latest news regarding the UP Board Class 12th results is that they are set to be announced today, 25th April, at 12:30 PM. This announcement will mark the end of months of hard work for over 54 lakh students who appeared for the exams. The results will be declared by the Uttar Pradesh Madhyamik Shiksha Parishad (UPMSP) for the Class 12 exams held from February 24 to March.
130	real betis vs valladolid	50K+	23 hours ago	2025-04-26	2025-04-26 00:08:15.430396	The latest news is about the upcoming match between Real Betis and Real Valladolid scheduled for 24th April 2025 at the Benito Villamarin stadium in Seville, Spain. Real Betis has won 15 direct matches against Valladolid, while Valladolid has won 8 matches, with 11 matches ending in a draw. The most recent match result between the teams was a 5-1 victory for Real Betis, with goals scored by Jesús Rodriguez, Cucho Hernández, Isco, and Romain Perraud. Live text commentary, score updates, and match stats will be available for this Spanish La Liga game.
131	vancouver vs inter miami	50K+	16 hours ago	2025-04-26	2025-04-26 00:08:15.430396	The latest news is about the upcoming match between Vancouver Whitecaps FC and Inter Miami CF at BC Place on Thursday, April 24. The first leg of the CONCACAF Champions Cup Semifinals is set to kick off at 7:30 p.m. PT. A sellout crowd of more than 50,000 is expected for this significant occasion. Fans are eagerly anticipating this match between the two teams.
132	atlético madrid vs rayo vallecano	50K+	23 hours ago	2025-04-26	2025-04-26 00:08:15.430396	The latest news on Atlético Madrid vs Rayo Vallecano is about their recent LaLiga matchup on April 24, 2025. Atlético Madrid defeated Rayo Vallecano with a score of 3-0. The match took place at the Riyadh Air Metropolitano stadium in Madrid, Spain. Prior to this game, Atlético Madrid had a dominant head-to-head record with 16 wins against Rayo Vallecano's 1 win and 4 draws.
133	deepak hooda	50K+	4 hours ago	2025-04-26	2025-04-26 00:08:15.430396	Deepak Hooda is a professional cricketer who plays for Rajasthan domestically and recently for Chennai Super Kings in the Indian Premier League. He is known as a seasoned batting all-rounder who made his IPL debut in 2015 and has played over 100 IPL matches. His recent Instagram posts show him tagged by Chennai Super Kings, and his profile on X mentions him as a professional cricketer. No other recent news or updates are available at this time.
134	quetta gladiators vs karachi kings	20K+	4 hours ago	2025-04-26	2025-04-26 00:08:15.430396	The most recent news is about a match between Quetta Gladiators and Karachi Kings in the Pakistan Super League (PSL) 2025. Karachi Kings won the match by 56 runs against Quetta Gladiators. The match took place in Karachi. The latest information includes updates on the match's live coverage and highlights on various platforms.
135	prakash varma	50K+	10 hours ago	2025-04-26	2025-04-26 00:08:15.430396	The latest information on Prakash Varma indicates that he is an Indian filmmaker known for directing and producing popular advertisement campaigns. He is the principal director and founder of Nirvana, with a focus on advertising and storytelling in the modern era. Additionally, there is a mention of his work with British Airways in recent content.
136	nitish kumar reddy	20K+	1 hour ago	2025-04-26	2025-04-26 00:08:15.430396	The latest information on Nitish Kumar Reddy reveals that he is an Indian international cricketer who plays as an all-rounder for Andhra in domestic cricket. He recently made headlines for starting the 2017-18 Vijay Merchant Trophy with a triple-century. Nitish has also earned a Test debut for India, where he impressed by scoring a century in Australia. His Instagram profiles suggest he is dedicated to his training and taking things one step at a time.
137	cbse board result 2025	2M+	13 hours ago	2025-04-26	2025-04-26 00:08:15.430396	The Central Board of Secondary Education (CBSE) is expected to announce the Class 10 and 12 board exam results for 2025 soon. The results are anticipated to be released by the second week of May 2025. Students can check the official CBSE website for updates on the upcoming results.
138	altaf lalli	20K+	13 hours ago	2025-04-26	2025-04-26 00:08:15.430396	The most recent news is that top Lashkar-e-Taiba (LeT) terrorist Altaf Lalli was killed in an encounter with security forces in Bandipora district, Jammu and Kashmir. The operation took place in response to specific intelligence about his presence in the area. This event occurred within the last few hours.
139	al-hilal vs gwangju	10K+	2 hours ago	2025-04-26	2025-04-26 00:08:15.430396	The latest news is about the AFC Champions League Elite quarterfinal match between Al Hilal SFC and Gwangju FC. The game is scheduled to take place in Jeddah, Saudi Arabia. Fans can watch the match online through live streams and on TV channels. The match is set to be an exciting encounter as both teams compete in the quarter-finals of the tournament.
140	भारत	20K+	11 hours ago	2025-04-26	2025-04-26 00:08:15.430396	The latest information about 'भारत' (India) includes details about its geographical and population significance. India is described as the seventh largest country in the world geographically and the largest in terms of population. It shares borders with Pakistan to the west, Afghanistan to the northwest, China, Nepal, and Bhutan to the north, Bangladesh to the east.
141	reliance industries q4 results	10K+	8 hours ago	2025-04-26	2025-04-26 00:08:15.430396	Reliance Industries recently announced its Q4 FY25 results, with a net profit growth of 2.4% to Rs 19,407 crore, surpassing market expectations. The company's quarterly revenue for Reliance Retail Ventures Limited stood at Rs 88,620 crore. Following the results, Reliance Industries' shares rallied over 13% from their yearly low. This performance has positioned Reliance Industries as the first Indian company to achieve such significant results in the current financial year.
175	reliance share	20K+	6 hours ago	2025-04-28	2025-04-28 15:22:50.983713	Error during summarization: 'str' object has no attribute 'chat'
142	jewel thief 2025	20K+	23 hours ago	2025-04-26	2025-04-26 00:08:15.430396	"Jewel Thief - The Heist Begins" is a 2025 Indian Hindi-language heist action thriller film directed by Kookie Gulati and Robbie Grewal. The movie revolves around a precious diamond from South Africa called "Red Sun," which is set to be exhibited at a museum in India. The film features actors like Jaideep Ahlawat, Nikita Dutta, Ujjawal Gauraha, Kunal Kapoor, and Saif Ali Khan. According to recent reports, the movie is expected to be released on an OTT platform by the end of March 2025.
143	psg vs nice	5K+	30 minutes ago	2025-04-26	2025-04-26 00:08:15.430396	The latest news regarding PSG vs Nice is that they are scheduled to play against each other on 25th April 2025 at the Parc des Princes stadium in Paris, France. The match is set to kick off at 18:45 UTC. The most recent update mentions the upcoming match between the two teams, with PSG looking to face off against Nice in the near future.
144	ishan kishan	20K+	2 hours ago	2025-04-26	2025-04-26 00:08:15.430396	Ishan Kishan, an Indian international cricketer, recently made headlines for scoring a maiden IPL century in his debut match for Sunrisers Hyderabad. He took a swipe at Pakistan captain Mohammad Rizwan during this time. Kishan has played close to 200 T20 matches, with just over 30 for India, and has won two IPL titles with Mumbai Indians. His recent performances have garnered attention in the cricket world.
145	ojee admit card 2025 release date	10K+	12 hours ago	2025-04-26	2025-04-26 00:08:15.430396	The latest news is that the OJEE 2025 admit card has been released on April 25, 2025. Candidates can download their admit cards from the official website ojee.nic.in. The release date was extended to give candidates ample time to prepare for their entrance tests.
146	india pakistan memes	10K+	3 hours ago	2025-04-26	2025-04-26 00:08:15.430396	The latest news shows that despite tensions between India and Pakistan, memes are being used as a coping mechanism in Pakistan. Memes are being shared to mock Pakistan's own cricket team after a loss to India, as well as to cope with the fear of potential Indian strikes. Pakistani citizens have also used memes and sarcasm to troll their own country in response to recent actions by India.
147	anshul kamboj	100K+	2 hours ago	2025-04-26	2025-04-26 00:08:15.430396	Anshul Kamboj, an Indian cricketer, recently made headlines for becoming the third bowler to take all ten wickets in an innings in the Ranji Trophy on November 15, 2024. He currently plays for Haryana in domestic cricket and previously played for Mumbai Indians in the Indian Premier League. Anshul Kamboj recently achieved a 10-wicket haul in a match, making him the sixth Indian bowler to do so. He made his IPL debut in 2024 for Mumbai Indians and later joined Chennai Super Kings for the 2025 season.
148	rahul gandhi	10K+	22 hours ago	2025-04-26	2025-04-26 00:08:15.430396	The latest news about Rahul Gandhi is that he has returned to India's parliament as a Member of Parliament (MP). He currently serves as the Leader of Opposition in Lok Sabha and represents the Indian National Congress party. This information is from August 7, 2023.
149	afc champions league	5K+	3 hours ago	2025-04-26	2025-04-26 00:08:15.430396	The latest news on the AFC Champions League highlights the upcoming AFC Champions League Elite™ Finals Jeddah 2025, where Yokohama F. Marinos and Al Nassr Club are set to face off in a highly anticipated matchup. The competition, formerly known as the Asian Champion Club Tournament, was rebranded as AFC Champions League in 2002. The draw for the AFC Champions League Elite™ Finals Jeddah 2025 will determine the path from the Quarter Finals to the Final, showcasing seven highly competitive teams.
150	ajith kumar	5K+	3 hours ago	2025-04-26	2025-04-26 00:08:15.430396	The latest information about Ajith Kumar includes his involvement in the MRF Racing series in 2010 as an occasional racing driver. Additionally, Ajith Kumar is known for his method acting roles in films like Vaali (1999), Mugavaree (2000), Kandukondain Kandukondain (2000), and Citizen (2001). Furthermore, Ajith Kumar has a significant filmography, with successful movies like Kadhal Kottai (1996) and Vaalee (1999) which earned him his first Filmfare Award for Best Tamil Actor.
151	delhi capitals vs royal challengers bengaluru match scorecard	1M+	20 hours ago	2025-04-28	2025-04-28 15:22:50.983713	Error during summarization: 'str' object has no attribute 'chat'
152	zimbabwe vs bangladesh	100K+	6 hours ago	2025-04-28	2025-04-28 15:22:50.983713	Error during summarization: 'str' object has no attribute 'chat'
153	liverpool vs tottenham	100K+	23 hours ago	2025-04-28	2025-04-28 15:22:50.983713	Error during summarization: 'str' object has no attribute 'chat'
154	dc बनाम rcb	100K+	20 hours ago	2025-04-28	2025-04-28 15:22:50.983713	Error during summarization: 'str' object has no attribute 'chat'
155	nottm forest vs man city	50K+	19 hours ago	2025-04-28	2025-04-28 15:22:50.983713	Error during summarization: 'str' object has no attribute 'chat'
156	bse.telangana.gov.in 2025	200K+	9 hours ago	2025-04-28	2025-04-28 15:22:50.983713	Error during summarization: 'str' object has no attribute 'chat'
157	inter miami vs fc dallas	50K+	13 hours ago	2025-04-28	2025-04-28 15:22:50.983713	Error during summarization: 'str' object has no attribute 'chat'
158	bournemouth vs man united	50K+	21 hours ago	2025-04-28	2025-04-28 15:22:50.983713	Error during summarization: 'str' object has no attribute 'chat'
159	northeast united vs jamshedpur	10K+	50 minutes ago	2025-04-28	2025-04-28 15:22:50.983713	Error during summarization: 'str' object has no attribute 'chat'
160	quetta gladiators vs peshawar zalmi	50K+	19 hours ago	2025-04-28	2025-04-28 15:22:50.983713	Error during summarization: 'str' object has no attribute 'chat'
161	wang yi	20K+	9 hours ago	2025-04-28	2025-04-28 15:22:50.983713	Error during summarization: 'str' object has no attribute 'chat'
162	ipo gmp	20K+	7 hours ago	2025-04-28	2025-04-28 15:22:50.983713	Error during summarization: 'str' object has no attribute 'chat'
163	inter vs roma	20K+	21 hours ago	2025-04-28	2025-04-28 15:22:50.983713	Error during summarization: 'str' object has no attribute 'chat'
164	rr vs gt	50K+	19 hours ago	2025-04-28	2025-04-28 15:22:50.983713	Error during summarization: 'str' object has no attribute 'chat'
165	pseb 10th result 2025	10K+	9 hours ago	2025-04-28	2025-04-28 15:22:50.983713	Error during summarization: 'str' object has no attribute 'chat'
166	navina bole	5K+	21 hours ago	2025-04-28	2025-04-28 15:22:50.983713	Error during summarization: 'str' object has no attribute 'chat'
167	neha singh rathore	5K+	19 hours ago	2025-04-28	2025-04-28 15:22:50.983713	Error during summarization: 'str' object has no attribute 'chat'
168	nda result 2025	10K+	9 hours ago	2025-04-28	2025-04-28 15:22:50.983713	Error during summarization: 'str' object has no attribute 'chat'
169	videos	10K+	13 hours ago	2025-04-28	2025-04-28 15:22:50.983713	Error during summarization: 'str' object has no attribute 'chat'
170	cbse 2025 results	5K+	7 hours ago	2025-04-28	2025-04-28 15:22:50.983713	Error during summarization: 'str' object has no attribute 'chat'
171	parshuram jayanti	2K+	8 hours ago	2025-04-28	2025-04-28 15:22:50.983713	Error during summarization: 'str' object has no attribute 'chat'
172	tlou episode 3	5K+	7 hours ago	2025-04-28	2025-04-28 15:22:50.983713	Error during summarization: 'str' object has no attribute 'chat'
173	samantha	5K+	16 hours ago	2025-04-28	2025-04-28 15:22:50.983713	Error during summarization: 'str' object has no attribute 'chat'
177	kolkata knight riders vs delhi capitals match scorecard	1M+	19 hours ago	2025-04-30	2025-04-30 14:39:16.818663	Error during summarization: 'str' object has no attribute 'chat'
178	cisce	200K+	19 hours ago	2025-04-30	2025-04-30 14:39:16.818663	Error during summarization: 'str' object has no attribute 'chat'
179	arsenal vs psg	200K+	19 hours ago	2025-04-30	2025-04-30 14:39:16.818663	Error during summarization: 'str' object has no attribute 'chat'
180	jkbose 12th result 2025	100K+	17 hours ago	2025-04-30	2025-04-30 14:39:16.818663	Error during summarization: 'str' object has no attribute 'chat'
181	kkr बनाम dc	100K+	19 hours ago	2025-04-30	2025-04-30 14:39:16.818663	Error during summarization: 'str' object has no attribute 'chat'
182	multan sultans vs quetta gladiators	50K+	18 hours ago	2025-04-30	2025-04-30 14:39:16.818663	Error during summarization: 'str' object has no attribute 'chat'
183	cbse result 2025	100K+	18 hours ago	2025-04-30	2025-04-30 14:39:16.818663	Error during summarization: 'str' object has no attribute 'chat'
184	hs result 2025	100K+	9 hours ago	2025-04-30	2025-04-30 14:39:16.818663	Error during summarization: 'str' object has no attribute 'chat'
185	akshaya tritiya 2025 gold rate	100K+	21 hours ago	2025-04-30	2025-04-30 14:39:16.818663	Error during summarization: 'str' object has no attribute 'chat'
186	al-hilal vs al-ahli saudi	20K+	17 hours ago	2025-04-30	2025-04-30 14:39:16.818663	Error during summarization: 'str' object has no attribute 'chat'
187	bsc.telangana.gov.in 2025	10K+	3 hours ago	2025-04-30	2025-04-30 14:39:16.818663	Error during summarization: 'str' object has no attribute 'chat'
188	elections canada election results	20K+	21 hours ago	2025-04-30	2025-04-30 14:39:16.818663	Error during summarization: 'str' object has no attribute 'chat'
189	akshaya tritiya wishes	20K+	13 hours ago	2025-04-30	2025-04-30 14:39:16.818663	Error during summarization: 'str' object has no attribute 'chat'
190	www.tbse.tripura.gov.in 2025	20K+	7 hours ago	2025-04-30	2025-04-30 14:39:16.818663	Error during summarization: 'str' object has no attribute 'chat'
191	mark kerr	10K+	19 hours ago	2025-04-30	2025-04-30 14:39:16.818663	Error during summarization: 'str' object has no attribute 'chat'
192	indusind bank sumant kathpalia	20K+	16 hours ago	2025-04-30	2025-04-30 14:39:16.818663	Error during summarization: 'str' object has no attribute 'chat'
193	bse	10K+	1 hour ago	2025-04-30	2025-04-30 14:39:16.818663	Error during summarization: 'str' object has no attribute 'chat'
194	sialkot	10K+	11 hours ago	2025-04-30	2025-04-30 14:39:16.818663	Error during summarization: 'str' object has no attribute 'chat'
195	bajaj finance	50K+	20 hours ago	2025-04-30	2025-04-30 14:39:16.818663	Error during summarization: 'str' object has no attribute 'chat'
196	mehidy hasan miraz	10K+	4 hours ago	2025-04-30	2025-04-30 14:39:16.818663	Error during summarization: 'str' object has no attribute 'chat'
197	vit result 2025	20K+	19 hours ago	2025-04-30	2025-04-30 14:39:16.818663	Error during summarization: 'str' object has no attribute 'chat'
198	indian results	10K+	40 minutes ago	2025-04-30	2025-04-30 14:39:16.818663	Error during summarization: 'str' object has no attribute 'chat'
199	aloor advocate	5K+	1 hour ago	2025-04-30	2025-04-30 14:39:16.818663	Error during summarization: 'str' object has no attribute 'chat'
200	housefull 5	5K+	4 hours ago	2025-04-30	2025-04-30 14:39:16.818663	Error during summarization: 'str' object has no attribute 'chat'
\.


--
-- Data for Name: manage_cust_customer; Type: TABLE DATA; Schema: public; Owner: harsha
--

COPY public.manage_cust_customer (id, name, phone, email) FROM stdin;
\.


--
-- Data for Name: manage_cust_customerupload; Type: TABLE DATA; Schema: public; Owner: harsha
--

COPY public.manage_cust_customerupload (id, file, uploaded_at) FROM stdin;
\.


--
-- Data for Name: manage_cust_sentemail; Type: TABLE DATA; Schema: public; Owner: harsha
--

COPY public.manage_cust_sentemail (id, email_address, success, error_message, sent_at, ad_request_id, customer_id) FROM stdin;
\.


--
-- Data for Name: user_auth_adrequest; Type: TABLE DATA; Schema: public; Owner: harsha
--

COPY public.user_auth_adrequest (id, product, description, remarks, tone, scope, csv_file, include_hashtags, company_name, chosen_ad) FROM stdin;
1	Coke	it is a carbonated drink		formal	global		t	Coke	\N
2	Coke	it is a carbonated drink		formal	global		t	Coke	\N
3	Coke	It is a carbonated drink/soda		casual	local		t	Coke	\N
4	Coke	It is a carbonated drink/soda		casual	local		t	coke	\N
5	Coke	It's a carbonated drink or soda		casual	local		t	Coke	\N
6	Pepsi	It is a carbonated drink		casual	local		t	Pepsi	\N
7	Pepsi	It is a carbonated drink		casual	local		t	Pepsi	\N
8	Coke	Soda		casual	local		t	\N	\N
9	Coke	Soda		casual	local		t	coke	\N
10	Coke	Soda		casual	local		t	coke	\N
11	Coke	soda	use hashtags	casual	local		t	Coke	\N
12	Coke	soda	use hashtags	casual	local		t	Coke	\N
13	Coke	soda	use hashtags	casual	local		t	Coke	\N
14	Coke	soda	use hashtags	casual	local		t	Coke	\N
15	Coca cola	it is a soda	use hashtags	casual	local		t	coca cola	\N
16	Coca cola	it is a soda	use hashtags	casual	local		t	coca cola	\N
17	Coca cola	it is a soda	use hashtags	casual	local		t	coca cola	\N
18	Coca cola	it is a soda	use hashtags	casual	local		t	coca cola	\N
19	Coca cola	it is a soda	use hashtags	casual	local		t	coca cola	\N
20	Coca cola	it is a soda	use hashtags	casual	local		t	coca cola	\N
21	Coca cola	it is a soda	use hashtags	casual	local		t	coca cola	\N
22	Coca cola	it is a soda	use hashtags	casual	local		t	coca cola	\N
23	Coca cola	it is a soda	use hashtags	casual	local		t	coca cola	\N
24	Coca cola	it is a soda	use hashtags	casual	local		t	coca cola	\N
25	Coca cola	it is a soda	use hashtags	casual	local		t	coca cola	\N
26	Coca cola	it is a soda	use hashtags	casual	local		t	coca cola	\N
27	Coca cola	it is a soda	use hashtagsm use emojis	casual	local		t	coca cola	\N
28	Durex	it is a condom brand	use hashtags , include emojis	casual	local		t	Durex	\N
29	Coca cola	soda	use hashtags	casual	local		t	coca cola	\N
30	Coca cola	soda	use hashtags	casual	local		t	coca cola	\N
\.


--
-- Data for Name: user_auth_customuser; Type: TABLE DATA; Schema: public; Owner: harsha
--

COPY public.user_auth_customuser (id, password, last_login, is_superuser, first_name, last_name, is_staff, is_active, date_joined, email) FROM stdin;
1	pbkdf2_sha256$600000$gcjstyEAFyrxC2Vl5ejDSQ$3LUZW+HVBQ4YZ0pqnpkfzSXHNSNfhEHB4ReBGPfpa58=	2025-05-03 22:28:50.237124+05:30	f	Harsha Dayini	Akula	f	t	2025-04-28 11:39:32.826182+05:30	a.harshadayini@gmail.com
\.


--
-- Data for Name: user_auth_customuser_groups; Type: TABLE DATA; Schema: public; Owner: harsha
--

COPY public.user_auth_customuser_groups (id, customuser_id, group_id) FROM stdin;
\.


--
-- Data for Name: user_auth_customuser_user_permissions; Type: TABLE DATA; Schema: public; Owner: harsha
--

COPY public.user_auth_customuser_user_permissions (id, customuser_id, permission_id) FROM stdin;
\.


--
-- Name: auth_group_id_seq; Type: SEQUENCE SET; Schema: public; Owner: harsha
--

SELECT pg_catalog.setval('public.auth_group_id_seq', 1, false);


--
-- Name: auth_group_permissions_id_seq; Type: SEQUENCE SET; Schema: public; Owner: harsha
--

SELECT pg_catalog.setval('public.auth_group_permissions_id_seq', 1, false);


--
-- Name: auth_permission_id_seq; Type: SEQUENCE SET; Schema: public; Owner: harsha
--

SELECT pg_catalog.setval('public.auth_permission_id_seq', 40, true);


--
-- Name: django_admin_log_id_seq; Type: SEQUENCE SET; Schema: public; Owner: harsha
--

SELECT pg_catalog.setval('public.django_admin_log_id_seq', 1, false);


--
-- Name: django_content_type_id_seq; Type: SEQUENCE SET; Schema: public; Owner: harsha
--

SELECT pg_catalog.setval('public.django_content_type_id_seq', 10, true);


--
-- Name: django_migrations_id_seq; Type: SEQUENCE SET; Schema: public; Owner: harsha
--

SELECT pg_catalog.setval('public.django_migrations_id_seq', 24, true);


--
-- Name: google_trends_7d_id_seq; Type: SEQUENCE SET; Schema: public; Owner: harsha
--

SELECT pg_catalog.setval('public.google_trends_7d_id_seq', 75, true);


--
-- Name: google_trends_now_id_seq; Type: SEQUENCE SET; Schema: public; Owner: harsha
--

SELECT pg_catalog.setval('public.google_trends_now_id_seq', 200, true);


--
-- Name: manage_cust_customer_id_seq; Type: SEQUENCE SET; Schema: public; Owner: harsha
--

SELECT pg_catalog.setval('public.manage_cust_customer_id_seq', 1, false);


--
-- Name: manage_cust_customerupload_id_seq; Type: SEQUENCE SET; Schema: public; Owner: harsha
--

SELECT pg_catalog.setval('public.manage_cust_customerupload_id_seq', 1, false);


--
-- Name: manage_cust_sentemail_id_seq; Type: SEQUENCE SET; Schema: public; Owner: harsha
--

SELECT pg_catalog.setval('public.manage_cust_sentemail_id_seq', 1, false);


--
-- Name: user_auth_adrequest_id_seq; Type: SEQUENCE SET; Schema: public; Owner: harsha
--

SELECT pg_catalog.setval('public.user_auth_adrequest_id_seq', 30, true);


--
-- Name: user_auth_customuser_groups_id_seq; Type: SEQUENCE SET; Schema: public; Owner: harsha
--

SELECT pg_catalog.setval('public.user_auth_customuser_groups_id_seq', 1, false);


--
-- Name: user_auth_customuser_id_seq; Type: SEQUENCE SET; Schema: public; Owner: harsha
--

SELECT pg_catalog.setval('public.user_auth_customuser_id_seq', 1, true);


--
-- Name: user_auth_customuser_user_permissions_id_seq; Type: SEQUENCE SET; Schema: public; Owner: harsha
--

SELECT pg_catalog.setval('public.user_auth_customuser_user_permissions_id_seq', 1, false);


--
-- Name: auth_group auth_group_name_key; Type: CONSTRAINT; Schema: public; Owner: harsha
--

ALTER TABLE ONLY public.auth_group
    ADD CONSTRAINT auth_group_name_key UNIQUE (name);


--
-- Name: auth_group_permissions auth_group_permissions_group_id_permission_id_0cd325b0_uniq; Type: CONSTRAINT; Schema: public; Owner: harsha
--

ALTER TABLE ONLY public.auth_group_permissions
    ADD CONSTRAINT auth_group_permissions_group_id_permission_id_0cd325b0_uniq UNIQUE (group_id, permission_id);


--
-- Name: auth_group_permissions auth_group_permissions_pkey; Type: CONSTRAINT; Schema: public; Owner: harsha
--

ALTER TABLE ONLY public.auth_group_permissions
    ADD CONSTRAINT auth_group_permissions_pkey PRIMARY KEY (id);


--
-- Name: auth_group auth_group_pkey; Type: CONSTRAINT; Schema: public; Owner: harsha
--

ALTER TABLE ONLY public.auth_group
    ADD CONSTRAINT auth_group_pkey PRIMARY KEY (id);


--
-- Name: auth_permission auth_permission_content_type_id_codename_01ab375a_uniq; Type: CONSTRAINT; Schema: public; Owner: harsha
--

ALTER TABLE ONLY public.auth_permission
    ADD CONSTRAINT auth_permission_content_type_id_codename_01ab375a_uniq UNIQUE (content_type_id, codename);


--
-- Name: auth_permission auth_permission_pkey; Type: CONSTRAINT; Schema: public; Owner: harsha
--

ALTER TABLE ONLY public.auth_permission
    ADD CONSTRAINT auth_permission_pkey PRIMARY KEY (id);


--
-- Name: django_admin_log django_admin_log_pkey; Type: CONSTRAINT; Schema: public; Owner: harsha
--

ALTER TABLE ONLY public.django_admin_log
    ADD CONSTRAINT django_admin_log_pkey PRIMARY KEY (id);


--
-- Name: django_content_type django_content_type_app_label_model_76bd3d3b_uniq; Type: CONSTRAINT; Schema: public; Owner: harsha
--

ALTER TABLE ONLY public.django_content_type
    ADD CONSTRAINT django_content_type_app_label_model_76bd3d3b_uniq UNIQUE (app_label, model);


--
-- Name: django_content_type django_content_type_pkey; Type: CONSTRAINT; Schema: public; Owner: harsha
--

ALTER TABLE ONLY public.django_content_type
    ADD CONSTRAINT django_content_type_pkey PRIMARY KEY (id);


--
-- Name: django_migrations django_migrations_pkey; Type: CONSTRAINT; Schema: public; Owner: harsha
--

ALTER TABLE ONLY public.django_migrations
    ADD CONSTRAINT django_migrations_pkey PRIMARY KEY (id);


--
-- Name: django_session django_session_pkey; Type: CONSTRAINT; Schema: public; Owner: harsha
--

ALTER TABLE ONLY public.django_session
    ADD CONSTRAINT django_session_pkey PRIMARY KEY (session_key);


--
-- Name: google_trends_7d google_trends_7d_pkey; Type: CONSTRAINT; Schema: public; Owner: harsha
--

ALTER TABLE ONLY public.google_trends_7d
    ADD CONSTRAINT google_trends_7d_pkey PRIMARY KEY (id);


--
-- Name: google_trends_now google_trends_now_pkey; Type: CONSTRAINT; Schema: public; Owner: harsha
--

ALTER TABLE ONLY public.google_trends_now
    ADD CONSTRAINT google_trends_now_pkey PRIMARY KEY (id);


--
-- Name: manage_cust_customer manage_cust_customer_email_key; Type: CONSTRAINT; Schema: public; Owner: harsha
--

ALTER TABLE ONLY public.manage_cust_customer
    ADD CONSTRAINT manage_cust_customer_email_key UNIQUE (email);


--
-- Name: manage_cust_customer manage_cust_customer_pkey; Type: CONSTRAINT; Schema: public; Owner: harsha
--

ALTER TABLE ONLY public.manage_cust_customer
    ADD CONSTRAINT manage_cust_customer_pkey PRIMARY KEY (id);


--
-- Name: manage_cust_customerupload manage_cust_customerupload_pkey; Type: CONSTRAINT; Schema: public; Owner: harsha
--

ALTER TABLE ONLY public.manage_cust_customerupload
    ADD CONSTRAINT manage_cust_customerupload_pkey PRIMARY KEY (id);


--
-- Name: manage_cust_sentemail manage_cust_sentemail_pkey; Type: CONSTRAINT; Schema: public; Owner: harsha
--

ALTER TABLE ONLY public.manage_cust_sentemail
    ADD CONSTRAINT manage_cust_sentemail_pkey PRIMARY KEY (id);


--
-- Name: user_auth_adrequest user_auth_adrequest_pkey; Type: CONSTRAINT; Schema: public; Owner: harsha
--

ALTER TABLE ONLY public.user_auth_adrequest
    ADD CONSTRAINT user_auth_adrequest_pkey PRIMARY KEY (id);


--
-- Name: user_auth_customuser user_auth_customuser_email_key; Type: CONSTRAINT; Schema: public; Owner: harsha
--

ALTER TABLE ONLY public.user_auth_customuser
    ADD CONSTRAINT user_auth_customuser_email_key UNIQUE (email);


--
-- Name: user_auth_customuser_groups user_auth_customuser_gro_customuser_id_group_id_9f1f94f0_uniq; Type: CONSTRAINT; Schema: public; Owner: harsha
--

ALTER TABLE ONLY public.user_auth_customuser_groups
    ADD CONSTRAINT user_auth_customuser_gro_customuser_id_group_id_9f1f94f0_uniq UNIQUE (customuser_id, group_id);


--
-- Name: user_auth_customuser_groups user_auth_customuser_groups_pkey; Type: CONSTRAINT; Schema: public; Owner: harsha
--

ALTER TABLE ONLY public.user_auth_customuser_groups
    ADD CONSTRAINT user_auth_customuser_groups_pkey PRIMARY KEY (id);


--
-- Name: user_auth_customuser user_auth_customuser_pkey; Type: CONSTRAINT; Schema: public; Owner: harsha
--

ALTER TABLE ONLY public.user_auth_customuser
    ADD CONSTRAINT user_auth_customuser_pkey PRIMARY KEY (id);


--
-- Name: user_auth_customuser_user_permissions user_auth_customuser_use_customuser_id_permission_fde5eaa3_uniq; Type: CONSTRAINT; Schema: public; Owner: harsha
--

ALTER TABLE ONLY public.user_auth_customuser_user_permissions
    ADD CONSTRAINT user_auth_customuser_use_customuser_id_permission_fde5eaa3_uniq UNIQUE (customuser_id, permission_id);


--
-- Name: user_auth_customuser_user_permissions user_auth_customuser_user_permissions_pkey; Type: CONSTRAINT; Schema: public; Owner: harsha
--

ALTER TABLE ONLY public.user_auth_customuser_user_permissions
    ADD CONSTRAINT user_auth_customuser_user_permissions_pkey PRIMARY KEY (id);


--
-- Name: auth_group_name_a6ea08ec_like; Type: INDEX; Schema: public; Owner: harsha
--

CREATE INDEX auth_group_name_a6ea08ec_like ON public.auth_group USING btree (name varchar_pattern_ops);


--
-- Name: auth_group_permissions_group_id_b120cbf9; Type: INDEX; Schema: public; Owner: harsha
--

CREATE INDEX auth_group_permissions_group_id_b120cbf9 ON public.auth_group_permissions USING btree (group_id);


--
-- Name: auth_group_permissions_permission_id_84c5c92e; Type: INDEX; Schema: public; Owner: harsha
--

CREATE INDEX auth_group_permissions_permission_id_84c5c92e ON public.auth_group_permissions USING btree (permission_id);


--
-- Name: auth_permission_content_type_id_2f476e4b; Type: INDEX; Schema: public; Owner: harsha
--

CREATE INDEX auth_permission_content_type_id_2f476e4b ON public.auth_permission USING btree (content_type_id);


--
-- Name: django_admin_log_content_type_id_c4bce8eb; Type: INDEX; Schema: public; Owner: harsha
--

CREATE INDEX django_admin_log_content_type_id_c4bce8eb ON public.django_admin_log USING btree (content_type_id);


--
-- Name: django_admin_log_user_id_c564eba6; Type: INDEX; Schema: public; Owner: harsha
--

CREATE INDEX django_admin_log_user_id_c564eba6 ON public.django_admin_log USING btree (user_id);


--
-- Name: django_session_expire_date_a5c62663; Type: INDEX; Schema: public; Owner: harsha
--

CREATE INDEX django_session_expire_date_a5c62663 ON public.django_session USING btree (expire_date);


--
-- Name: django_session_session_key_c0390e0f_like; Type: INDEX; Schema: public; Owner: harsha
--

CREATE INDEX django_session_session_key_c0390e0f_like ON public.django_session USING btree (session_key varchar_pattern_ops);


--
-- Name: manage_cust_customer_email_bc3acb0d_like; Type: INDEX; Schema: public; Owner: harsha
--

CREATE INDEX manage_cust_customer_email_bc3acb0d_like ON public.manage_cust_customer USING btree (email varchar_pattern_ops);


--
-- Name: manage_cust_sentemail_ad_request_id_e9af9aea; Type: INDEX; Schema: public; Owner: harsha
--

CREATE INDEX manage_cust_sentemail_ad_request_id_e9af9aea ON public.manage_cust_sentemail USING btree (ad_request_id);


--
-- Name: manage_cust_sentemail_customer_id_2a21f791; Type: INDEX; Schema: public; Owner: harsha
--

CREATE INDEX manage_cust_sentemail_customer_id_2a21f791 ON public.manage_cust_sentemail USING btree (customer_id);


--
-- Name: user_auth_customuser_email_caa9f0c2_like; Type: INDEX; Schema: public; Owner: harsha
--

CREATE INDEX user_auth_customuser_email_caa9f0c2_like ON public.user_auth_customuser USING btree (email varchar_pattern_ops);


--
-- Name: user_auth_customuser_groups_customuser_id_28fc3501; Type: INDEX; Schema: public; Owner: harsha
--

CREATE INDEX user_auth_customuser_groups_customuser_id_28fc3501 ON public.user_auth_customuser_groups USING btree (customuser_id);


--
-- Name: user_auth_customuser_groups_group_id_c5ab4b5a; Type: INDEX; Schema: public; Owner: harsha
--

CREATE INDEX user_auth_customuser_groups_group_id_c5ab4b5a ON public.user_auth_customuser_groups USING btree (group_id);


--
-- Name: user_auth_customuser_user_permissions_customuser_id_1af44b47; Type: INDEX; Schema: public; Owner: harsha
--

CREATE INDEX user_auth_customuser_user_permissions_customuser_id_1af44b47 ON public.user_auth_customuser_user_permissions USING btree (customuser_id);


--
-- Name: user_auth_customuser_user_permissions_permission_id_eed84bc9; Type: INDEX; Schema: public; Owner: harsha
--

CREATE INDEX user_auth_customuser_user_permissions_permission_id_eed84bc9 ON public.user_auth_customuser_user_permissions USING btree (permission_id);


--
-- Name: auth_group_permissions auth_group_permissio_permission_id_84c5c92e_fk_auth_perm; Type: FK CONSTRAINT; Schema: public; Owner: harsha
--

ALTER TABLE ONLY public.auth_group_permissions
    ADD CONSTRAINT auth_group_permissio_permission_id_84c5c92e_fk_auth_perm FOREIGN KEY (permission_id) REFERENCES public.auth_permission(id) DEFERRABLE INITIALLY DEFERRED;


--
-- Name: auth_group_permissions auth_group_permissions_group_id_b120cbf9_fk_auth_group_id; Type: FK CONSTRAINT; Schema: public; Owner: harsha
--

ALTER TABLE ONLY public.auth_group_permissions
    ADD CONSTRAINT auth_group_permissions_group_id_b120cbf9_fk_auth_group_id FOREIGN KEY (group_id) REFERENCES public.auth_group(id) DEFERRABLE INITIALLY DEFERRED;


--
-- Name: auth_permission auth_permission_content_type_id_2f476e4b_fk_django_co; Type: FK CONSTRAINT; Schema: public; Owner: harsha
--

ALTER TABLE ONLY public.auth_permission
    ADD CONSTRAINT auth_permission_content_type_id_2f476e4b_fk_django_co FOREIGN KEY (content_type_id) REFERENCES public.django_content_type(id) DEFERRABLE INITIALLY DEFERRED;


--
-- Name: django_admin_log django_admin_log_content_type_id_c4bce8eb_fk_django_co; Type: FK CONSTRAINT; Schema: public; Owner: harsha
--

ALTER TABLE ONLY public.django_admin_log
    ADD CONSTRAINT django_admin_log_content_type_id_c4bce8eb_fk_django_co FOREIGN KEY (content_type_id) REFERENCES public.django_content_type(id) DEFERRABLE INITIALLY DEFERRED;


--
-- Name: django_admin_log django_admin_log_user_id_c564eba6_fk_user_auth_customuser_id; Type: FK CONSTRAINT; Schema: public; Owner: harsha
--

ALTER TABLE ONLY public.django_admin_log
    ADD CONSTRAINT django_admin_log_user_id_c564eba6_fk_user_auth_customuser_id FOREIGN KEY (user_id) REFERENCES public.user_auth_customuser(id) DEFERRABLE INITIALLY DEFERRED;


--
-- Name: manage_cust_sentemail manage_cust_sentemai_ad_request_id_e9af9aea_fk_user_auth; Type: FK CONSTRAINT; Schema: public; Owner: harsha
--

ALTER TABLE ONLY public.manage_cust_sentemail
    ADD CONSTRAINT manage_cust_sentemai_ad_request_id_e9af9aea_fk_user_auth FOREIGN KEY (ad_request_id) REFERENCES public.user_auth_adrequest(id) DEFERRABLE INITIALLY DEFERRED;


--
-- Name: manage_cust_sentemail manage_cust_sentemai_customer_id_2a21f791_fk_manage_cu; Type: FK CONSTRAINT; Schema: public; Owner: harsha
--

ALTER TABLE ONLY public.manage_cust_sentemail
    ADD CONSTRAINT manage_cust_sentemai_customer_id_2a21f791_fk_manage_cu FOREIGN KEY (customer_id) REFERENCES public.manage_cust_customer(id) DEFERRABLE INITIALLY DEFERRED;


--
-- Name: user_auth_customuser_user_permissions user_auth_customuser_customuser_id_1af44b47_fk_user_auth; Type: FK CONSTRAINT; Schema: public; Owner: harsha
--

ALTER TABLE ONLY public.user_auth_customuser_user_permissions
    ADD CONSTRAINT user_auth_customuser_customuser_id_1af44b47_fk_user_auth FOREIGN KEY (customuser_id) REFERENCES public.user_auth_customuser(id) DEFERRABLE INITIALLY DEFERRED;


--
-- Name: user_auth_customuser_groups user_auth_customuser_customuser_id_28fc3501_fk_user_auth; Type: FK CONSTRAINT; Schema: public; Owner: harsha
--

ALTER TABLE ONLY public.user_auth_customuser_groups
    ADD CONSTRAINT user_auth_customuser_customuser_id_28fc3501_fk_user_auth FOREIGN KEY (customuser_id) REFERENCES public.user_auth_customuser(id) DEFERRABLE INITIALLY DEFERRED;


--
-- Name: user_auth_customuser_groups user_auth_customuser_groups_group_id_c5ab4b5a_fk_auth_group_id; Type: FK CONSTRAINT; Schema: public; Owner: harsha
--

ALTER TABLE ONLY public.user_auth_customuser_groups
    ADD CONSTRAINT user_auth_customuser_groups_group_id_c5ab4b5a_fk_auth_group_id FOREIGN KEY (group_id) REFERENCES public.auth_group(id) DEFERRABLE INITIALLY DEFERRED;


--
-- Name: user_auth_customuser_user_permissions user_auth_customuser_permission_id_eed84bc9_fk_auth_perm; Type: FK CONSTRAINT; Schema: public; Owner: harsha
--

ALTER TABLE ONLY public.user_auth_customuser_user_permissions
    ADD CONSTRAINT user_auth_customuser_permission_id_eed84bc9_fk_auth_perm FOREIGN KEY (permission_id) REFERENCES public.auth_permission(id) DEFERRABLE INITIALLY DEFERRED;


--
-- PostgreSQL database dump complete
--

